"FileName","Extension","ArtifactType","Gate","Family","Stage","ExpectedBucket","Directory","FullPath","SizeKB","LastWriteTime"
".env",".env","ENV","UNCLASSIFIED","OTHER","OUTSIDE A3 PRODUCTION","GENERAL / SOURCE","C:\Abay-Germes\HouseMaster","C:\Abay-Germes\HouseMaster\.env","0,1","25.07.2026 12:03:16"
".env.example",".example","EXAMPLE","UNCLASSIFIED","OTHER","OUTSIDE A3 PRODUCTION","GENERAL / SOURCE","C:\Abay-Germes\HouseMaster","C:\Abay-Germes\HouseMaster\.env.example","3,3","24.07.2026 12:56:51"
".gitignore",".gitignore","GITIGNORE","UNCLASSIFIED","OTHER","OUTSIDE A3 PRODUCTION","GENERAL / SOURCE","C:\Abay-Germes\HouseMaster","C:\Abay-Germes\HouseMaster\.gitignore","0,1","10.08.2026 13:09:10"
"01_SCIENTIFIC_CONTINUITY_GRAPH_V1.md",".md","MARKDOWN","UNCLASSIFIED","OTHER","OUTSIDE A3 PRODUCTION","GENERAL / SOURCE","C:\Abay-Germes\HouseMaster","C:\Abay-Germes\HouseMaster\01_SCIENTIFIC_CONTINUITY_GRAPH_V1.md","2,9","28.07.2026 8:09:40"
".env.local",".local","LOCAL","UNCLASSIFIED","OTHER","OUTSIDE A3 PRODUCTION","GENERAL / SOURCE","C:\Abay-Germes\HouseMaster\apps\web","C:\Abay-Germes\HouseMaster\apps\web\.env.local","0,3","24.07.2026 15:10:49"
".gitignore",".gitignore","GITIGNORE","UNCLASSIFIED","OTHER","OUTSIDE A3 PRODUCTION","GENERAL / SOURCE","C:\Abay-Germes\HouseMaster\apps\web","C:\Abay-Germes\HouseMaster\apps\web\.gitignore","0,5","24.07.2026 12:56:51"
"app-path-routes-manifest.json",".json","JSON","UNCLASSIFIED","OTHER","OUTSIDE A3 PRODUCTION","GENERAL / SOURCE","C:\Abay-Germes\HouseMaster\apps\web\.next","C:\Abay-Germes\HouseMaster\apps\web\.next\app-path-routes-manifest.json","0,3","19.08.2026 11:25:44"
"031494c8e9dcd9cd.js",".js","JS","UNCLASSIFIED","OTHER","OUTSIDE A3 PRODUCTION","GENERAL / SOURCE","C:\Abay-Germes\HouseMaster\apps\web\.next\build","C:\Abay-Germes\HouseMaster\apps\web\.next\build\031494c8e9dcd9cd.js","0,9","19.08.2026 11:25:26"
"031494c8e9dcd9cd.js.map",".map","MAP","UNCLASSIFIED","OTHER","OUTSIDE A3 PRODUCTION","GENERAL / SOURCE","C:\Abay-Germes\HouseMaster\apps\web\.next\build","C:\Abay-Germes\HouseMaster\apps\web\.next\build\031494c8e9dcd9cd.js.map","0,1","19.08.2026 11:25:26"
"[root-of-the-server]__0mdq2gk._.js",".js","JS","UNCLASSIFIED","OTHER","OUTSIDE A3 PRODUCTION","GENERAL / SOURCE","C:\Abay-Germes\HouseMaster\apps\web\.next\build\chunks","C:\Abay-Germes\HouseMaster\apps\web\.next\build\chunks\[root-of-the-server]__0mdq2gk._.js","8,4","19.08.2026 11:25:26"
"[root-of-the-server]__0mdq2gk._.js.map",".map","MAP","UNCLASSIFIED","OTHER","OUTSIDE A3 PRODUCTION","GENERAL / SOURCE","C:\Abay-Germes\HouseMaster\apps\web\.next\build\chunks","C:\Abay-Germes\HouseMaster\apps\web\.next\build\chunks\[root-of-the-server]__0mdq2gk._.js.map","9,8","19.08.2026 11:25:26"
"[root-of-the-server]__1bewiw2._.js",".js","JS","UNCLASSIFIED","OTHER","OUTSIDE A3 PRODUCTION","GENERAL / SOURCE","C:\Abay-Germes\HouseMaster\apps\web\.next\build\chunks","C:\Abay-Germes\HouseMaster\apps\web\.next\build\chunks\[root-of-the-server]__1bewiw2._.js","17,3","19.08.2026 11:25:26"
"[root-of-the-server]__1bewiw2._.js.map",".map","MAP","UNCLASSIFIED","OTHER","OUTSIDE A3 PRODUCTION","GENERAL / SOURCE","C:\Abay-Germes\HouseMaster\apps\web\.next\build\chunks","C:\Abay-Germes\HouseMaster\apps\web\.next\build\chunks\[root-of-the-server]__1bewiw2._.js.map","25,8","19.08.2026 11:25:26"
"[turbopack]_runtime.js",".js","JS","UNCLASSIFIED","OTHER","OUTSIDE A3 PRODUCTION","GENERAL / SOURCE","C:\Abay-Germes\HouseMaster\apps\web\.next\build\chunks","C:\Abay-Germes\HouseMaster\apps\web\.next\build\chunks\[turbopack]_runtime.js","32,9","19.08.2026 11:25:26"
"[turbopack]_runtime.js.map",".map","MAP","UNCLASSIFIED","OTHER","OUTSIDE A3 PRODUCTION","GENERAL / SOURCE","C:\Abay-Germes\HouseMaster\apps\web\.next\build\chunks","C:\Abay-Germes\HouseMaster\apps\web\.next\build\chunks\[turbopack]_runtime.js.map","61,3","19.08.2026 11:25:26"
"[turbopack-node]_transforms_postcss_ts_1l71t5i._.js",".js","JS","UNCLASSIFIED","OTHER","OUTSIDE A3 PRODUCTION","GENERAL / SOURCE","C:\Abay-Germes\HouseMaster\apps\web\.next\build\chunks","C:\Abay-Germes\HouseMaster\apps\web\.next\build\chunks\[turbopack-node]_transforms_postcss_ts_1l71t5i._.js","0,6","19.08.2026 11:25:26"
"[turbopack-node]_transforms_postcss_ts_1l71t5i._.js.map",".map","MAP","UNCLASSIFIED","OTHER","OUTSIDE A3 PRODUCTION","GENERAL / SOURCE","C:\Abay-Germes\HouseMaster\apps\web\.next\build\chunks","C:\Abay-Germes\HouseMaster\apps\web\.next\build\chunks\[turbopack-node]_transforms_postcss_ts_1l71t5i._.js.map","0,1","19.08.2026 11:25:26"
"node_modules__pnpm_0ovhuz_._.js",".js","JS","UNCLASSIFIED","OTHER","OUTSIDE A3 PRODUCTION","GENERAL / SOURCE","C:\Abay-Germes\HouseMaster\apps\web\.next\build\chunks","C:\Abay-Germes\HouseMaster\apps\web\.next\build\chunks\node_modules__pnpm_0ovhuz_._.js","252,3","19.08.2026 11:25:26"
"node_modules__pnpm_0ovhuz_._.js.map",".map","MAP","UNCLASSIFIED","OTHER","OUTSIDE A3 PRODUCTION","GENERAL / SOURCE","C:\Abay-Germes\HouseMaster\apps\web\.next\build\chunks","C:\Abay-Germes\HouseMaster\apps\web\.next\build\chunks\node_modules__pnpm_0ovhuz_._.js.map","395,6","19.08.2026 11:25:26"
"package.json",".json","JSON","UNCLASSIFIED","OTHER","OUTSIDE A3 PRODUCTION","GENERAL / SOURCE","C:\Abay-Germes\HouseMaster\apps\web\.next\build","C:\Abay-Germes\HouseMaster\apps\web\.next\build\package.json","0","19.08.2026 11:25:26"
"BUILD_ID","","","UNCLASSIFIED","OTHER","OUTSIDE A3 PRODUCTION","GENERAL / SOURCE","C:\Abay-Germes\HouseMaster\apps\web\.next","C:\Abay-Germes\HouseMaster\apps\web\.next\BUILD_ID","0","19.08.2026 11:25:46"
"build-manifest.json",".json","JSON","UNCLASSIFIED","OTHER","OUTSIDE A3 PRODUCTION","GENERAL / SOURCE","C:\Abay-Germes\HouseMaster\apps\web\.next","C:\Abay-Germes\HouseMaster\apps\web\.next\build-manifest.json","0,6","19.08.2026 11:25:36"
".previewinfo",".previewinfo","PREVIEWINFO","UNCLASSIFIED","OTHER","OUTSIDE A3 PRODUCTION","QA / REVIEW","C:\Abay-Germes\HouseMaster\apps\web\.next\cache","C:\Abay-Germes\HouseMaster\apps\web\.next\cache\.previewinfo","0,3","15.08.2026 14:50:59"
".rscinfo",".rscinfo","RSCINFO","UNCLASSIFIED","OTHER","OUTSIDE A3 PRODUCTION","GENERAL / SOURCE","C:\Abay-Germes\HouseMaster\apps\web\.next\cache","C:\Abay-Germes\HouseMaster\apps\web\.next\cache\.rscinfo","0,1","15.08.2026 14:50:59"
".tsbuildinfo",".tsbuildinfo","TSBUILDINFO","UNCLASSIFIED","OTHER","OUTSIDE A3 PRODUCTION","GENERAL / SOURCE","C:\Abay-Germes\HouseMaster\apps\web\.next\cache","C:\Abay-Germes\HouseMaster\apps\web\.next\cache\.tsbuildinfo","163,3","19.08.2026 11:25:42"
"031494c8e9dcd9cd.js",".js","JS","UNCLASSIFIED","OTHER","OUTSIDE A3 PRODUCTION","GENERAL / SOURCE","C:\Abay-Germes\HouseMaster\apps\web\.next\dev\build","C:\Abay-Germes\HouseMaster\apps\web\.next\dev\build\031494c8e9dcd9cd.js","0,9","24.07.2026 15:24:21"
"031494c8e9dcd9cd.js.map",".map","MAP","UNCLASSIFIED","OTHER","OUTSIDE A3 PRODUCTION","GENERAL / SOURCE","C:\Abay-Germes\HouseMaster\apps\web\.next\dev\build","C:\Abay-Germes\HouseMaster\apps\web\.next\dev\build\031494c8e9dcd9cd.js.map","0,1","24.07.2026 15:24:21"
"[root-of-the-server]__0mdq2gk._.js",".js","JS","UNCLASSIFIED","OTHER","OUTSIDE A3 PRODUCTION","GENERAL / SOURCE","C:\Abay-Germes\HouseMaster\apps\web\.next\dev\build\chunks","C:\Abay-Germes\HouseMaster\apps\web\.next\dev\build\chunks\[root-of-the-server]__0mdq2gk._.js","8,4","24.07.2026 15:24:21"
"[root-of-the-server]__0mdq2gk._.js.map",".map","MAP","UNCLASSIFIED","OTHER","OUTSIDE A3 PRODUCTION","GENERAL / SOURCE","C:\Abay-Germes\HouseMaster\apps\web\.next\dev\build\chunks","C:\Abay-Germes\HouseMaster\apps\web\.next\dev\build\chunks\[root-of-the-server]__0mdq2gk._.js.map","9,8","24.07.2026 15:24:21"
"[root-of-the-server]__1bewiw2._.js",".js","JS","UNCLASSIFIED","OTHER","OUTSIDE A3 PRODUCTION","GENERAL / SOURCE","C:\Abay-Germes\HouseMaster\apps\web\.next\dev\build\chunks","C:\Abay-Germes\HouseMaster\apps\web\.next\dev\build\chunks\[root-of-the-server]__1bewiw2._.js","17,7","24.07.2026 15:24:21"
"[root-of-the-server]__1bewiw2._.js.map",".map","MAP","UNCLASSIFIED","OTHER","OUTSIDE A3 PRODUCTION","GENERAL / SOURCE","C:\Abay-Germes\HouseMaster\apps\web\.next\dev\build\chunks","C:\Abay-Germes\HouseMaster\apps\web\.next\dev\build\chunks\[root-of-the-server]__1bewiw2._.js.map","25,9","24.07.2026 15:24:21"
"[turbopack]_runtime.js",".js","JS","UNCLASSIFIED","OTHER","OUTSIDE A3 PRODUCTION","GENERAL / SOURCE","C:\Abay-Germes\HouseMaster\apps\web\.next\dev\build\chunks","C:\Abay-Germes\HouseMaster\apps\web\.next\dev\build\chunks\[turbopack]_runtime.js","67,4","24.07.2026 15:24:21"
"[turbopack]_runtime.js.map",".map","MAP","UNCLASSIFIED","OTHER","OUTSIDE A3 PRODUCTION","GENERAL / SOURCE","C:\Abay-Germes\HouseMaster\apps\web\.next\dev\build\chunks","C:\Abay-Germes\HouseMaster\apps\web\.next\dev\build\chunks\[turbopack]_runtime.js.map","120,1","24.07.2026 15:24:21"
"[turbopack-node]_transforms_postcss_ts_1l71t5i._.js",".js","JS","UNCLASSIFIED","OTHER","OUTSIDE A3 PRODUCTION","GENERAL / SOURCE","C:\Abay-Germes\HouseMaster\apps\web\.next\dev\build\chunks","C:\Abay-Germes\HouseMaster\apps\web\.next\dev\build\chunks\[turbopack-node]_transforms_postcss_ts_1l71t5i._.js","0,6","24.07.2026 15:24:21"
"[turbopack-node]_transforms_postcss_ts_1l71t5i._.js.map",".map","MAP","UNCLASSIFIED","OTHER","OUTSIDE A3 PRODUCTION","GENERAL / SOURCE","C:\Abay-Germes\HouseMaster\apps\web\.next\dev\build\chunks","C:\Abay-Germes\HouseMaster\apps\web\.next\dev\build\chunks\[turbopack-node]_transforms_postcss_ts_1l71t5i._.js.map","0,1","24.07.2026 15:24:21"
"node_modules__pnpm_0ovhuz_._.js",".js","JS","UNCLASSIFIED","OTHER","OUTSIDE A3 PRODUCTION","GENERAL / SOURCE","C:\Abay-Germes\HouseMaster\apps\web\.next\dev\build\chunks","C:\Abay-Germes\HouseMaster\apps\web\.next\dev\build\chunks\node_modules__pnpm_0ovhuz_._.js","254,2","24.07.2026 15:24:21"
"node_modules__pnpm_0ovhuz_._.js.map",".map","MAP","UNCLASSIFIED","OTHER","OUTSIDE A3 PRODUCTION","GENERAL / SOURCE","C:\Abay-Germes\HouseMaster\apps\web\.next\dev\build\chunks","C:\Abay-Germes\HouseMaster\apps\web\.next\dev\build\chunks\node_modules__pnpm_0ovhuz_._.js.map","396,6","24.07.2026 15:24:21"
"package.json",".json","JSON","UNCLASSIFIED","OTHER","OUTSIDE A3 PRODUCTION","GENERAL / SOURCE","C:\Abay-Germes\HouseMaster\apps\web\.next\dev\build","C:\Abay-Germes\HouseMaster\apps\web\.next\dev\build\package.json","0","24.07.2026 15:24:21"
"build-manifest.json",".json","JSON","UNCLASSIFIED","OTHER","OUTSIDE A3 PRODUCTION","GENERAL / SOURCE","C:\Abay-Germes\HouseMaster\apps\web\.next\dev","C:\Abay-Germes\HouseMaster\apps\web\.next\dev\build-manifest.json","0,3","01.08.2026 14:45:42"
".rscinfo",".rscinfo","RSCINFO","UNCLASSIFIED","OTHER","OUTSIDE A3 PRODUCTION","GENERAL / SOURCE","C:\Abay-Germes\HouseMaster\apps\web\.next\dev\cache","C:\Abay-Germes\HouseMaster\apps\web\.next\dev\cache\.rscinfo","0,1","24.07.2026 13:18:10"
"86400.1784975447510.nMqMf2CoMiKdGFy0fyYAa8V7clryo_fv5aP_c1IB64o.InYwIg.webp",".webp","IMAGE","UNCLASSIFIED","OTHER","OUTSIDE A3 PRODUCTION","GENERAL / SOURCE","C:\Abay-Germes\HouseMaster\apps\web\.next\dev\cache\images\fsv5r3iHCn_A9kTvo-f0KtIxLmGYvVW9PkT9eA7gWqM","C:\Abay-Germes\HouseMaster\apps\web\.next\dev\cache\images\fsv5r3iHCn_A9kTvo-f0KtIxLmGYvVW9PkT9eA7gWqM\86400.1784975447510.nMqMf2CoMiKdGFy0fyYAa8V7clryo_fv5aP_c1IB64o.InYwIg.webp","0,4","24.07.2026 15:30:47"
"next-devtools-config.json",".json","JSON","UNCLASSIFIED","OTHER","OUTSIDE A3 PRODUCTION","GENERAL / SOURCE","C:\Abay-Germes\HouseMaster\apps\web\.next\dev\cache","C:\Abay-Germes\HouseMaster\apps\web\.next\dev\cache\next-devtools-config.json","0","24.07.2026 15:26:41"
"00000001.sst",".sst","SST","UNCLASSIFIED","OTHER","OUTSIDE A3 PRODUCTION","GENERAL / SOURCE","C:\Abay-Germes\HouseMaster\apps\web\.next\dev\cache\turbopack\v16.2.10","C:\Abay-Germes\HouseMaster\apps\web\.next\dev\cache\turbopack\v16.2.10\00000001.sst","10,6","24.07.2026 13:18:12"
"00000003.sst",".sst","SST","UNCLASSIFIED","OTHER","OUTSIDE A3 PRODUCTION","GENERAL / SOURCE","C:\Abay-Germes\HouseMaster\apps\web\.next\dev\cache\turbopack\v16.2.10","C:\Abay-Germes\HouseMaster\apps\web\.next\dev\cache\turbopack\v16.2.10\00000003.sst","0,1","24.07.2026 13:18:12"
"00000004.sst",".sst","SST","UNCLASSIFIED","OTHER","OUTSIDE A3 PRODUCTION","GENERAL / SOURCE","C:\Abay-Germes\HouseMaster\apps\web\.next\dev\cache\turbopack\v16.2.10","C:\Abay-Germes\HouseMaster\apps\web\.next\dev\cache\turbopack\v16.2.10\00000004.sst","4,8","24.07.2026 13:18:12"
"00000005.meta",".meta","META","UNCLASSIFIED","OTHER","OUTSIDE A3 PRODUCTION","GENERAL / SOURCE","C:\Abay-Germes\HouseMaster\apps\web\.next\dev\cache\turbopack\v16.2.10","C:\Abay-Germes\HouseMaster\apps\web\.next\dev\cache\turbopack\v16.2.10\00000005.meta","0,7","24.07.2026 13:18:12"
"00000006.meta",".meta","META","UNCLASSIFIED","OTHER","OUTSIDE A3 PRODUCTION","GENERAL / SOURCE","C:\Abay-Germes\HouseMaster\apps\web\.next\dev\cache\turbopack\v16.2.10","C:\Abay-Germes\HouseMaster\apps\web\.next\dev\cache\turbopack\v16.2.10\00000006.meta","1,2","24.07.2026 13:18:12"
"00000008.meta",".meta","META","UNCLASSIFIED","OTHER","OUTSIDE A3 PRODUCTION","GENERAL / SOURCE","C:\Abay-Germes\HouseMaster\apps\web\.next\dev\cache\turbopack\v16.2.10","C:\Abay-Germes\HouseMaster\apps\web\.next\dev\cache\turbopack\v16.2.10\00000008.meta","1,2","24.07.2026 13:18:12"
"00000010.sst",".sst","SST","UNCLASSIFIED","OTHER","OUTSIDE A3 PRODUCTION","GENERAL / SOURCE","C:\Abay-Germes\HouseMaster\apps\web\.next\dev\cache\turbopack\v16.2.10","C:\Abay-Germes\HouseMaster\apps\web\.next\dev\cache\turbopack\v16.2.10\00000010.sst","1344,4","24.07.2026 15:12:12"
"00000011.sst",".sst","SST","UNCLASSIFIED","OTHER","OUTSIDE A3 PRODUCTION","GENERAL / SOURCE","C:\Abay-Germes\HouseMaster\apps\web\.next\dev\cache\turbopack\v16.2.10","C:\Abay-Germes\HouseMaster\apps\web\.next\dev\cache\turbopack\v16.2.10\00000011.sst","0,1","24.07.2026 15:12:12"
"00000012.sst",".sst","SST","UNCLASSIFIED","OTHER","OUTSIDE A3 PRODUCTION","GENERAL / SOURCE","C:\Abay-Germes\HouseMaster\apps\web\.next\dev\cache\turbopack\v16.2.10","C:\Abay-Germes\HouseMaster\apps\web\.next\dev\cache\turbopack\v16.2.10\00000012.sst","348,2","24.07.2026 15:12:12"
"00000013.meta",".meta","META","UNCLASSIFIED","OTHER","OUTSIDE A3 PRODUCTION","GENERAL / SOURCE","C:\Abay-Germes\HouseMaster\apps\web\.next\dev\cache\turbopack\v16.2.10","C:\Abay-Germes\HouseMaster\apps\web\.next\dev\cache\turbopack\v16.2.10\00000013.meta","0,7","24.07.2026 15:12:12"
"00000014.meta",".meta","META","UNCLASSIFIED","OTHER","OUTSIDE A3 PRODUCTION","GENERAL / SOURCE","C:\Abay-Germes\HouseMaster\apps\web\.next\dev\cache\turbopack\v16.2.10","C:\Abay-Germes\HouseMaster\apps\web\.next\dev\cache\turbopack\v16.2.10\00000014.meta","37,5","24.07.2026 15:12:12"
"00000016.meta",".meta","META","UNCLASSIFIED","OTHER","OUTSIDE A3 PRODUCTION","GENERAL / SOURCE","C:\Abay-Germes\HouseMaster\apps\web\.next\dev\cache\turbopack\v16.2.10","C:\Abay-Germes\HouseMaster\apps\web\.next\dev\cache\turbopack\v16.2.10\00000016.meta","40,2","24.07.2026 15:12:12"
"00000017.sst",".sst","SST","UNCLASSIFIED","OTHER","OUTSIDE A3 PRODUCTION","GENERAL / SOURCE","C:\Abay-Germes\HouseMaster\apps\web\.next\dev\cache\turbopack\v16.2.10","C:\Abay-Germes\HouseMaster\apps\web\.next\dev\cache\turbopack\v16.2.10\00000017.sst","0,3","24.07.2026 15:24:19"
"00000019.sst",".sst","SST","UNCLASSIFIED","OTHER","OUTSIDE A3 PRODUCTION","GENERAL / SOURCE","C:\Abay-Germes\HouseMaster\apps\web\.next\dev\cache\turbopack\v16.2.10","C:\Abay-Germes\HouseMaster\apps\web\.next\dev\cache\turbopack\v16.2.10\00000019.sst","0,1","24.07.2026 15:24:19"
"00000020.sst",".sst","SST","UNCLASSIFIED","OTHER","OUTSIDE A3 PRODUCTION","GENERAL / SOURCE","C:\Abay-Germes\HouseMaster\apps\web\.next\dev\cache\turbopack\v16.2.10","C:\Abay-Germes\HouseMaster\apps\web\.next\dev\cache\turbopack\v16.2.10\00000020.sst","0,1","24.07.2026 15:24:19"
"00000021.meta",".meta","META","UNCLASSIFIED","OTHER","OUTSIDE A3 PRODUCTION","GENERAL / SOURCE","C:\Abay-Germes\HouseMaster\apps\web\.next\dev\cache\turbopack\v16.2.10","C:\Abay-Germes\HouseMaster\apps\web\.next\dev\cache\turbopack\v16.2.10\00000021.meta","0,7","24.07.2026 15:24:19"
"00000022.meta",".meta","META","UNCLASSIFIED","OTHER","OUTSIDE A3 PRODUCTION","GENERAL / SOURCE","C:\Abay-Germes\HouseMaster\apps\web\.next\dev\cache\turbopack\v16.2.10","C:\Abay-Germes\HouseMaster\apps\web\.next\dev\cache\turbopack\v16.2.10\00000022.meta","0,7","24.07.2026 15:24:19"
"00000024.meta",".meta","META","UNCLASSIFIED","OTHER","OUTSIDE A3 PRODUCTION","GENERAL / SOURCE","C:\Abay-Germes\HouseMaster\apps\web\.next\dev\cache\turbopack\v16.2.10","C:\Abay-Germes\HouseMaster\apps\web\.next\dev\cache\turbopack\v16.2.10\00000024.meta","0,7","24.07.2026 15:24:19"
"00000029.sst",".sst","SST","UNCLASSIFIED","OTHER","OUTSIDE A3 PRODUCTION","GENERAL / SOURCE","C:\Abay-Germes\HouseMaster\apps\web\.next\dev\cache\turbopack\v16.2.10","C:\Abay-Germes\HouseMaster\apps\web\.next\dev\cache\turbopack\v16.2.10\00000029.sst","3843,5","24.07.2026 15:24:25"
"00000030.sst",".sst","SST","UNCLASSIFIED","OTHER","OUTSIDE A3 PRODUCTION","GENERAL / SOURCE","C:\Abay-Germes\HouseMaster\apps\web\.next\dev\cache\turbopack\v16.2.10","C:\Abay-Germes\HouseMaster\apps\web\.next\dev\cache\turbopack\v16.2.10\00000030.sst","0,1","24.07.2026 15:24:25"
"00000031.sst",".sst","SST","UNCLASSIFIED","OTHER","OUTSIDE A3 PRODUCTION","GENERAL / SOURCE","C:\Abay-Germes\HouseMaster\apps\web\.next\dev\cache\turbopack\v16.2.10","C:\Abay-Germes\HouseMaster\apps\web\.next\dev\cache\turbopack\v16.2.10\00000031.sst","857,5","24.07.2026 15:24:25"
"00000032.meta",".meta","META","UNCLASSIFIED","OTHER","OUTSIDE A3 PRODUCTION","GENERAL / SOURCE","C:\Abay-Germes\HouseMaster\apps\web\.next\dev\cache\turbopack\v16.2.10","C:\Abay-Germes\HouseMaster\apps\web\.next\dev\cache\turbopack\v16.2.10\00000032.meta","0,7","24.07.2026 15:24:25"
"00000033.meta",".meta","META","UNCLASSIFIED","OTHER","OUTSIDE A3 PRODUCTION","GENERAL / SOURCE","C:\Abay-Germes\HouseMaster\apps\web\.next\dev\cache\turbopack\v16.2.10","C:\Abay-Germes\HouseMaster\apps\web\.next\dev\cache\turbopack\v16.2.10\00000033.meta","146,6","24.07.2026 15:24:25"
"00000035.meta",".meta","META","UNCLASSIFIED","OTHER","OUTSIDE A3 PRODUCTION","GENERAL / SOURCE","C:\Abay-Germes\HouseMaster\apps\web\.next\dev\cache\turbopack\v16.2.10","C:\Abay-Germes\HouseMaster\apps\web\.next\dev\cache\turbopack\v16.2.10\00000035.meta","146,6","24.07.2026 15:24:25"
"00000040.sst",".sst","SST","UNCLASSIFIED","OTHER","OUTSIDE A3 PRODUCTION","GENERAL / SOURCE","C:\Abay-Germes\HouseMaster\apps\web\.next\dev\cache\turbopack\v16.2.10","C:\Abay-Germes\HouseMaster\apps\web\.next\dev\cache\turbopack\v16.2.10\00000040.sst","5204,6","24.07.2026 15:28:45"
"00000041.sst",".sst","SST","UNCLASSIFIED","OTHER","OUTSIDE A3 PRODUCTION","GENERAL / SOURCE","C:\Abay-Germes\HouseMaster\apps\web\.next\dev\cache\turbopack\v16.2.10","C:\Abay-Germes\HouseMaster\apps\web\.next\dev\cache\turbopack\v16.2.10\00000041.sst","0,1","24.07.2026 15:28:45"
"00000042.sst",".sst","SST","UNCLASSIFIED","OTHER","OUTSIDE A3 PRODUCTION","GENERAL / SOURCE","C:\Abay-Germes\HouseMaster\apps\web\.next\dev\cache\turbopack\v16.2.10","C:\Abay-Germes\HouseMaster\apps\web\.next\dev\cache\turbopack\v16.2.10\00000042.sst","575,4","24.07.2026 15:28:45"
"00000043.meta",".meta","META","UNCLASSIFIED","OTHER","OUTSIDE A3 PRODUCTION","GENERAL / SOURCE","C:\Abay-Germes\HouseMaster\apps\web\.next\dev\cache\turbopack\v16.2.10","C:\Abay-Germes\HouseMaster\apps\web\.next\dev\cache\turbopack\v16.2.10\00000043.meta","0,7","24.07.2026 15:28:45"
"00000044.meta",".meta","META","UNCLASSIFIED","OTHER","OUTSIDE A3 PRODUCTION","GENERAL / SOURCE","C:\Abay-Germes\HouseMaster\apps\web\.next\dev\cache\turbopack\v16.2.10","C:\Abay-Germes\HouseMaster\apps\web\.next\dev\cache\turbopack\v16.2.10\00000044.meta","177,4","24.07.2026 15:28:45"
"00000046.meta",".meta","META","UNCLASSIFIED","OTHER","OUTSIDE A3 PRODUCTION","GENERAL / SOURCE","C:\Abay-Germes\HouseMaster\apps\web\.next\dev\cache\turbopack\v16.2.10","C:\Abay-Germes\HouseMaster\apps\web\.next\dev\cache\turbopack\v16.2.10\00000046.meta","350,6","24.07.2026 15:28:45"
"00000047.sst",".sst","SST","UNCLASSIFIED","OTHER","OUTSIDE A3 PRODUCTION","GENERAL / SOURCE","C:\Abay-Germes\HouseMaster\apps\web\.next\dev\cache\turbopack\v16.2.10","C:\Abay-Germes\HouseMaster\apps\web\.next\dev\cache\turbopack\v16.2.10\00000047.sst","56786,6","24.07.2026 15:28:46"
"00000048.sst",".sst","SST","UNCLASSIFIED","OTHER","OUTSIDE A3 PRODUCTION","GENERAL / SOURCE","C:\Abay-Germes\HouseMaster\apps\web\.next\dev\cache\turbopack\v16.2.10","C:\Abay-Germes\HouseMaster\apps\web\.next\dev\cache\turbopack\v16.2.10\00000048.sst","28697,2","24.07.2026 15:28:46"
"00000049.meta",".meta","META","UNCLASSIFIED","OTHER","OUTSIDE A3 PRODUCTION","GENERAL / SOURCE","C:\Abay-Germes\HouseMaster\apps\web\.next\dev\cache\turbopack\v16.2.10","C:\Abay-Germes\HouseMaster\apps\web\.next\dev\cache\turbopack\v16.2.10\00000049.meta","2592,2","24.07.2026 15:28:46"
"00000051.sst",".sst","SST","UNCLASSIFIED","OTHER","OUTSIDE A3 PRODUCTION","GENERAL / SOURCE","C:\Abay-Germes\HouseMaster\apps\web\.next\dev\cache\turbopack\v16.2.10","C:\Abay-Germes\HouseMaster\apps\web\.next\dev\cache\turbopack\v16.2.10\00000051.sst","3426,2","24.07.2026 15:30:50"
"00000052.sst",".sst","SST","UNCLASSIFIED","OTHER","OUTSIDE A3 PRODUCTION","GENERAL / SOURCE","C:\Abay-Germes\HouseMaster\apps\web\.next\dev\cache\turbopack\v16.2.10","C:\Abay-Germes\HouseMaster\apps\web\.next\dev\cache\turbopack\v16.2.10\00000052.sst","817,2","24.07.2026 15:30:50"
"00000053.sst",".sst","SST","UNCLASSIFIED","OTHER","OUTSIDE A3 PRODUCTION","GENERAL / SOURCE","C:\Abay-Germes\HouseMaster\apps\web\.next\dev\cache\turbopack\v16.2.10","C:\Abay-Germes\HouseMaster\apps\web\.next\dev\cache\turbopack\v16.2.10\00000053.sst","0,1","24.07.2026 15:30:50"
"00000054.meta",".meta","META","UNCLASSIFIED","OTHER","OUTSIDE A3 PRODUCTION","GENERAL / SOURCE","C:\Abay-Germes\HouseMaster\apps\web\.next\dev\cache\turbopack\v16.2.10","C:\Abay-Germes\HouseMaster\apps\web\.next\dev\cache\turbopack\v16.2.10\00000054.meta","0,7","24.07.2026 15:30:50"
"00000055.meta",".meta","META","UNCLASSIFIED","OTHER","OUTSIDE A3 PRODUCTION","GENERAL / SOURCE","C:\Abay-Germes\HouseMaster\apps\web\.next\dev\cache\turbopack\v16.2.10","C:\Abay-Germes\HouseMaster\apps\web\.next\dev\cache\turbopack\v16.2.10\00000055.meta","106,7","24.07.2026 15:30:50"
"00000056.meta",".meta","META","UNCLASSIFIED","OTHER","OUTSIDE A3 PRODUCTION","GENERAL / SOURCE","C:\Abay-Germes\HouseMaster\apps\web\.next\dev\cache\turbopack\v16.2.10","C:\Abay-Germes\HouseMaster\apps\web\.next\dev\cache\turbopack\v16.2.10\00000056.meta","108,9","24.07.2026 15:30:50"
"00000057.sst",".sst","SST","UNCLASSIFIED","OTHER","OUTSIDE A3 PRODUCTION","GENERAL / SOURCE","C:\Abay-Germes\HouseMaster\apps\web\.next\dev\cache\turbopack\v16.2.10","C:\Abay-Germes\HouseMaster\apps\web\.next\dev\cache\turbopack\v16.2.10\00000057.sst","0,3","24.07.2026 15:34:56"
"00000058.sst",".sst","SST","UNCLASSIFIED","OTHER","OUTSIDE A3 PRODUCTION","GENERAL / SOURCE","C:\Abay-Germes\HouseMaster\apps\web\.next\dev\cache\turbopack\v16.2.10","C:\Abay-Germes\HouseMaster\apps\web\.next\dev\cache\turbopack\v16.2.10\00000058.sst","1,1","24.07.2026 15:34:56"
"00000059.sst",".sst","SST","UNCLASSIFIED","OTHER","OUTSIDE A3 PRODUCTION","GENERAL / SOURCE","C:\Abay-Germes\HouseMaster\apps\web\.next\dev\cache\turbopack\v16.2.10","C:\Abay-Germes\HouseMaster\apps\web\.next\dev\cache\turbopack\v16.2.10\00000059.sst","0,1","24.07.2026 15:34:56"
"00000060.meta",".meta","META","UNCLASSIFIED","OTHER","OUTSIDE A3 PRODUCTION","GENERAL / SOURCE","C:\Abay-Germes\HouseMaster\apps\web\.next\dev\cache\turbopack\v16.2.10","C:\Abay-Germes\HouseMaster\apps\web\.next\dev\cache\turbopack\v16.2.10\00000060.meta","0,7","24.07.2026 15:34:56"
"00000061.meta",".meta","META","UNCLASSIFIED","OTHER","OUTSIDE A3 PRODUCTION","GENERAL / SOURCE","C:\Abay-Germes\HouseMaster\apps\web\.next\dev\cache\turbopack\v16.2.10","C:\Abay-Germes\HouseMaster\apps\web\.next\dev\cache\turbopack\v16.2.10\00000061.meta","0,7","24.07.2026 15:34:56"
"00000062.meta",".meta","META","UNCLASSIFIED","OTHER","OUTSIDE A3 PRODUCTION","GENERAL / SOURCE","C:\Abay-Germes\HouseMaster\apps\web\.next\dev\cache\turbopack\v16.2.10","C:\Abay-Germes\HouseMaster\apps\web\.next\dev\cache\turbopack\v16.2.10\00000062.meta","0,7","24.07.2026 15:34:56"
"00000063.sst",".sst","SST","UNCLASSIFIED","OTHER","OUTSIDE A3 PRODUCTION","GENERAL / SOURCE","C:\Abay-Germes\HouseMaster\apps\web\.next\dev\cache\turbopack\v16.2.10","C:\Abay-Germes\HouseMaster\apps\web\.next\dev\cache\turbopack\v16.2.10\00000063.sst","18,5","24.07.2026 15:35:03"
"00000064.sst",".sst","SST","UNCLASSIFIED","OTHER","OUTSIDE A3 PRODUCTION","GENERAL / SOURCE","C:\Abay-Germes\HouseMaster\apps\web\.next\dev\cache\turbopack\v16.2.10","C:\Abay-Germes\HouseMaster\apps\web\.next\dev\cache\turbopack\v16.2.10\00000064.sst","23,5","24.07.2026 15:35:03"
"00000065.sst",".sst","SST","UNCLASSIFIED","OTHER","OUTSIDE A3 PRODUCTION","GENERAL / SOURCE","C:\Abay-Germes\HouseMaster\apps\web\.next\dev\cache\turbopack\v16.2.10","C:\Abay-Germes\HouseMaster\apps\web\.next\dev\cache\turbopack\v16.2.10\00000065.sst","0,1","24.07.2026 15:35:03"
"00000066.meta",".meta","META","UNCLASSIFIED","OTHER","OUTSIDE A3 PRODUCTION","GENERAL / SOURCE","C:\Abay-Germes\HouseMaster\apps\web\.next\dev\cache\turbopack\v16.2.10","C:\Abay-Germes\HouseMaster\apps\web\.next\dev\cache\turbopack\v16.2.10\00000066.meta","0,7","24.07.2026 15:35:03"
"00000067.meta",".meta","META","UNCLASSIFIED","OTHER","OUTSIDE A3 PRODUCTION","GENERAL / SOURCE","C:\Abay-Germes\HouseMaster\apps\web\.next\dev\cache\turbopack\v16.2.10","C:\Abay-Germes\HouseMaster\apps\web\.next\dev\cache\turbopack\v16.2.10\00000067.meta","0,9","24.07.2026 15:35:03"
"00000068.meta",".meta","META","UNCLASSIFIED","OTHER","OUTSIDE A3 PRODUCTION","GENERAL / SOURCE","C:\Abay-Germes\HouseMaster\apps\web\.next\dev\cache\turbopack\v16.2.10","C:\Abay-Germes\HouseMaster\apps\web\.next\dev\cache\turbopack\v16.2.10\00000068.meta","0,9","24.07.2026 15:35:03"
"00000069.sst",".sst","SST","UNCLASSIFIED","OTHER","OUTSIDE A3 PRODUCTION","GENERAL / SOURCE","C:\Abay-Germes\HouseMaster\apps\web\.next\dev\cache\turbopack\v16.2.10","C:\Abay-Germes\HouseMaster\apps\web\.next\dev\cache\turbopack\v16.2.10\00000069.sst","18","24.07.2026 15:36:02"
"00000070.sst",".sst","SST","UNCLASSIFIED","OTHER","OUTSIDE A3 PRODUCTION","GENERAL / SOURCE","C:\Abay-Germes\HouseMaster\apps\web\.next\dev\cache\turbopack\v16.2.10","C:\Abay-Germes\HouseMaster\apps\web\.next\dev\cache\turbopack\v16.2.10\00000070.sst","23,2","24.07.2026 15:36:02"
"00000071.sst",".sst","SST","UNCLASSIFIED","OTHER","OUTSIDE A3 PRODUCTION","GENERAL / SOURCE","C:\Abay-Germes\HouseMaster\apps\web\.next\dev\cache\turbopack\v16.2.10","C:\Abay-Germes\HouseMaster\apps\web\.next\dev\cache\turbopack\v16.2.10\00000071.sst","0,1","24.07.2026 15:36:02"
"00000072.meta",".meta","META","UNCLASSIFIED","OTHER","OUTSIDE A3 PRODUCTION","GENERAL / SOURCE","C:\Abay-Germes\HouseMaster\apps\web\.next\dev\cache\turbopack\v16.2.10","C:\Abay-Germes\HouseMaster\apps\web\.next\dev\cache\turbopack\v16.2.10\00000072.meta","0,7","24.07.2026 15:36:02"
"00000073.meta",".meta","META","UNCLASSIFIED","OTHER","OUTSIDE A3 PRODUCTION","GENERAL / SOURCE","C:\Abay-Germes\HouseMaster\apps\web\.next\dev\cache\turbopack\v16.2.10","C:\Abay-Germes\HouseMaster\apps\web\.next\dev\cache\turbopack\v16.2.10\00000073.meta","0,9","24.07.2026 15:36:02"
"00000074.meta",".meta","META","UNCLASSIFIED","OTHER","OUTSIDE A3 PRODUCTION","GENERAL / SOURCE","C:\Abay-Germes\HouseMaster\apps\web\.next\dev\cache\turbopack\v16.2.10","C:\Abay-Germes\HouseMaster\apps\web\.next\dev\cache\turbopack\v16.2.10\00000074.meta","0,9","24.07.2026 15:36:02"
"00000075.sst",".sst","SST","UNCLASSIFIED","OTHER","OUTSIDE A3 PRODUCTION","GENERAL / SOURCE","C:\Abay-Germes\HouseMaster\apps\web\.next\dev\cache\turbopack\v16.2.10","C:\Abay-Germes\HouseMaster\apps\web\.next\dev\cache\turbopack\v16.2.10\00000075.sst","18","24.07.2026 15:37:02"
"00000076.sst",".sst","SST","UNCLASSIFIED","OTHER","OUTSIDE A3 PRODUCTION","GENERAL / SOURCE","C:\Abay-Germes\HouseMaster\apps\web\.next\dev\cache\turbopack\v16.2.10","C:\Abay-Germes\HouseMaster\apps\web\.next\dev\cache\turbopack\v16.2.10\00000076.sst","23,2","24.07.2026 15:37:02"
"00000077.sst",".sst","SST","UNCLASSIFIED","OTHER","OUTSIDE A3 PRODUCTION","GENERAL / SOURCE","C:\Abay-Germes\HouseMaster\apps\web\.next\dev\cache\turbopack\v16.2.10","C:\Abay-Germes\HouseMaster\apps\web\.next\dev\cache\turbopack\v16.2.10\00000077.sst","0,1","24.07.2026 15:37:02"
"00000078.meta",".meta","META","UNCLASSIFIED","OTHER","OUTSIDE A3 PRODUCTION","GENERAL / SOURCE","C:\Abay-Germes\HouseMaster\apps\web\.next\dev\cache\turbopack\v16.2.10","C:\Abay-Germes\HouseMaster\apps\web\.next\dev\cache\turbopack\v16.2.10\00000078.meta","0,7","24.07.2026 15:37:02"
"00000079.meta",".meta","META","UNCLASSIFIED","OTHER","OUTSIDE A3 PRODUCTION","GENERAL / SOURCE","C:\Abay-Germes\HouseMaster\apps\web\.next\dev\cache\turbopack\v16.2.10","C:\Abay-Germes\HouseMaster\apps\web\.next\dev\cache\turbopack\v16.2.10\00000079.meta","0,9","24.07.2026 15:37:02"
"00000080.meta",".meta","META","UNCLASSIFIED","OTHER","OUTSIDE A3 PRODUCTION","GENERAL / SOURCE","C:\Abay-Germes\HouseMaster\apps\web\.next\dev\cache\turbopack\v16.2.10","C:\Abay-Germes\HouseMaster\apps\web\.next\dev\cache\turbopack\v16.2.10\00000080.meta","0,9","24.07.2026 15:37:02"
"00000081.sst",".sst","SST","UNCLASSIFIED","OTHER","OUTSIDE A3 PRODUCTION","GENERAL / SOURCE","C:\Abay-Germes\HouseMaster\apps\web\.next\dev\cache\turbopack\v16.2.10","C:\Abay-Germes\HouseMaster\apps\web\.next\dev\cache\turbopack\v16.2.10\00000081.sst","23,2","24.07.2026 15:38:02"
"00000082.sst",".sst","SST","UNCLASSIFIED","OTHER","OUTSIDE A3 PRODUCTION","GENERAL / SOURCE","C:\Abay-Germes\HouseMaster\apps\web\.next\dev\cache\turbopack\v16.2.10","C:\Abay-Germes\HouseMaster\apps\web\.next\dev\cache\turbopack\v16.2.10\00000082.sst","18","24.07.2026 15:38:02"
"00000083.sst",".sst","SST","UNCLASSIFIED","OTHER","OUTSIDE A3 PRODUCTION","GENERAL / SOURCE","C:\Abay-Germes\HouseMaster\apps\web\.next\dev\cache\turbopack\v16.2.10","C:\Abay-Germes\HouseMaster\apps\web\.next\dev\cache\turbopack\v16.2.10\00000083.sst","0,1","24.07.2026 15:38:02"
"00000084.meta",".meta","META","UNCLASSIFIED","OTHER","OUTSIDE A3 PRODUCTION","GENERAL / SOURCE","C:\Abay-Germes\HouseMaster\apps\web\.next\dev\cache\turbopack\v16.2.10","C:\Abay-Germes\HouseMaster\apps\web\.next\dev\cache\turbopack\v16.2.10\00000084.meta","0,7","24.07.2026 15:38:02"
"00000085.meta",".meta","META","UNCLASSIFIED","OTHER","OUTSIDE A3 PRODUCTION","GENERAL / SOURCE","C:\Abay-Germes\HouseMaster\apps\web\.next\dev\cache\turbopack\v16.2.10","C:\Abay-Germes\HouseMaster\apps\web\.next\dev\cache\turbopack\v16.2.10\00000085.meta","0,9","24.07.2026 15:38:02"
"00000086.meta",".meta","META","UNCLASSIFIED","OTHER","OUTSIDE A3 PRODUCTION","GENERAL / SOURCE","C:\Abay-Germes\HouseMaster\apps\web\.next\dev\cache\turbopack\v16.2.10","C:\Abay-Germes\HouseMaster\apps\web\.next\dev\cache\turbopack\v16.2.10\00000086.meta","0,9","24.07.2026 15:38:02"
"00000087.sst",".sst","SST","UNCLASSIFIED","OTHER","OUTSIDE A3 PRODUCTION","GENERAL / SOURCE","C:\Abay-Germes\HouseMaster\apps\web\.next\dev\cache\turbopack\v16.2.10","C:\Abay-Germes\HouseMaster\apps\web\.next\dev\cache\turbopack\v16.2.10\00000087.sst","18","24.07.2026 15:39:02"
"00000088.sst",".sst","SST","UNCLASSIFIED","OTHER","OUTSIDE A3 PRODUCTION","GENERAL / SOURCE","C:\Abay-Germes\HouseMaster\apps\web\.next\dev\cache\turbopack\v16.2.10","C:\Abay-Germes\HouseMaster\apps\web\.next\dev\cache\turbopack\v16.2.10\00000088.sst","23,2","24.07.2026 15:39:02"
"00000089.sst",".sst","SST","UNCLASSIFIED","OTHER","OUTSIDE A3 PRODUCTION","GENERAL / SOURCE","C:\Abay-Germes\HouseMaster\apps\web\.next\dev\cache\turbopack\v16.2.10","C:\Abay-Germes\HouseMaster\apps\web\.next\dev\cache\turbopack\v16.2.10\00000089.sst","0,1","24.07.2026 15:39:02"
"00000090.meta",".meta","META","UNCLASSIFIED","OTHER","OUTSIDE A3 PRODUCTION","GENERAL / SOURCE","C:\Abay-Germes\HouseMaster\apps\web\.next\dev\cache\turbopack\v16.2.10","C:\Abay-Germes\HouseMaster\apps\web\.next\dev\cache\turbopack\v16.2.10\00000090.meta","0,7","24.07.2026 15:39:02"
"00000091.meta",".meta","META","UNCLASSIFIED","OTHER","OUTSIDE A3 PRODUCTION","GENERAL / SOURCE","C:\Abay-Germes\HouseMaster\apps\web\.next\dev\cache\turbopack\v16.2.10","C:\Abay-Germes\HouseMaster\apps\web\.next\dev\cache\turbopack\v16.2.10\00000091.meta","0,9","24.07.2026 15:39:02"
"00000092.meta",".meta","META","UNCLASSIFIED","OTHER","OUTSIDE A3 PRODUCTION","GENERAL / SOURCE","C:\Abay-Germes\HouseMaster\apps\web\.next\dev\cache\turbopack\v16.2.10","C:\Abay-Germes\HouseMaster\apps\web\.next\dev\cache\turbopack\v16.2.10\00000092.meta","0,9","24.07.2026 15:39:02"
"00000093.sst",".sst","SST","UNCLASSIFIED","OTHER","OUTSIDE A3 PRODUCTION","GENERAL / SOURCE","C:\Abay-Germes\HouseMaster\apps\web\.next\dev\cache\turbopack\v16.2.10","C:\Abay-Germes\HouseMaster\apps\web\.next\dev\cache\turbopack\v16.2.10\00000093.sst","18","24.07.2026 15:40:02"
"00000094.sst",".sst","SST","UNCLASSIFIED","OTHER","OUTSIDE A3 PRODUCTION","GENERAL / SOURCE","C:\Abay-Germes\HouseMaster\apps\web\.next\dev\cache\turbopack\v16.2.10","C:\Abay-Germes\HouseMaster\apps\web\.next\dev\cache\turbopack\v16.2.10\00000094.sst","23,2","24.07.2026 15:40:02"
"00000095.sst",".sst","SST","UNCLASSIFIED","OTHER","OUTSIDE A3 PRODUCTION","GENERAL / SOURCE","C:\Abay-Germes\HouseMaster\apps\web\.next\dev\cache\turbopack\v16.2.10","C:\Abay-Germes\HouseMaster\apps\web\.next\dev\cache\turbopack\v16.2.10\00000095.sst","0,1","24.07.2026 15:40:02"
"00000096.meta",".meta","META","UNCLASSIFIED","OTHER","OUTSIDE A3 PRODUCTION","GENERAL / SOURCE","C:\Abay-Germes\HouseMaster\apps\web\.next\dev\cache\turbopack\v16.2.10","C:\Abay-Germes\HouseMaster\apps\web\.next\dev\cache\turbopack\v16.2.10\00000096.meta","0,7","24.07.2026 15:40:02"
"00000097.meta",".meta","META","UNCLASSIFIED","OTHER","OUTSIDE A3 PRODUCTION","GENERAL / SOURCE","C:\Abay-Germes\HouseMaster\apps\web\.next\dev\cache\turbopack\v16.2.10","C:\Abay-Germes\HouseMaster\apps\web\.next\dev\cache\turbopack\v16.2.10\00000097.meta","0,9","24.07.2026 15:40:02"
"00000098.meta",".meta","META","UNCLASSIFIED","OTHER","OUTSIDE A3 PRODUCTION","GENERAL / SOURCE","C:\Abay-Germes\HouseMaster\apps\web\.next\dev\cache\turbopack\v16.2.10","C:\Abay-Germes\HouseMaster\apps\web\.next\dev\cache\turbopack\v16.2.10\00000098.meta","0,9","24.07.2026 15:40:02"
"00000099.sst",".sst","SST","UNCLASSIFIED","OTHER","OUTSIDE A3 PRODUCTION","GENERAL / SOURCE","C:\Abay-Germes\HouseMaster\apps\web\.next\dev\cache\turbopack\v16.2.10","C:\Abay-Germes\HouseMaster\apps\web\.next\dev\cache\turbopack\v16.2.10\00000099.sst","18,2","24.07.2026 15:40:37"
"00000100.sst",".sst","SST","UNCLASSIFIED","OTHER","OUTSIDE A3 PRODUCTION","GENERAL / SOURCE","C:\Abay-Germes\HouseMaster\apps\web\.next\dev\cache\turbopack\v16.2.10","C:\Abay-Germes\HouseMaster\apps\web\.next\dev\cache\turbopack\v16.2.10\00000100.sst","7,7","24.07.2026 15:40:37"
"00000101.sst",".sst","SST","UNCLASSIFIED","OTHER","OUTSIDE A3 PRODUCTION","GENERAL / SOURCE","C:\Abay-Germes\HouseMaster\apps\web\.next\dev\cache\turbopack\v16.2.10","C:\Abay-Germes\HouseMaster\apps\web\.next\dev\cache\turbopack\v16.2.10\00000101.sst","0,1","24.07.2026 15:40:37"
"00000102.meta",".meta","META","UNCLASSIFIED","OTHER","OUTSIDE A3 PRODUCTION","GENERAL / SOURCE","C:\Abay-Germes\HouseMaster\apps\web\.next\dev\cache\turbopack\v16.2.10","C:\Abay-Germes\HouseMaster\apps\web\.next\dev\cache\turbopack\v16.2.10\00000102.meta","0,7","24.07.2026 15:40:37"
"00000103.meta",".meta","META","UNCLASSIFIED","OTHER","OUTSIDE A3 PRODUCTION","GENERAL / SOURCE","C:\Abay-Germes\HouseMaster\apps\web\.next\dev\cache\turbopack\v16.2.10","C:\Abay-Germes\HouseMaster\apps\web\.next\dev\cache\turbopack\v16.2.10\00000103.meta","0,7","24.07.2026 15:40:37"
"00000104.meta",".meta","META","UNCLASSIFIED","OTHER","OUTSIDE A3 PRODUCTION","GENERAL / SOURCE","C:\Abay-Germes\HouseMaster\apps\web\.next\dev\cache\turbopack\v16.2.10","C:\Abay-Germes\HouseMaster\apps\web\.next\dev\cache\turbopack\v16.2.10\00000104.meta","0,7","24.07.2026 15:40:37"
"00000105.sst",".sst","SST","UNCLASSIFIED","OTHER","OUTSIDE A3 PRODUCTION","GENERAL / SOURCE","C:\Abay-Germes\HouseMaster\apps\web\.next\dev\cache\turbopack\v16.2.10","C:\Abay-Germes\HouseMaster\apps\web\.next\dev\cache\turbopack\v16.2.10\00000105.sst","18","24.07.2026 15:41:02"
"00000106.sst",".sst","SST","UNCLASSIFIED","OTHER","OUTSIDE A3 PRODUCTION","GENERAL / SOURCE","C:\Abay-Germes\HouseMaster\apps\web\.next\dev\cache\turbopack\v16.2.10","C:\Abay-Germes\HouseMaster\apps\web\.next\dev\cache\turbopack\v16.2.10\00000106.sst","23,2","24.07.2026 15:41:02"
"00000107.sst",".sst","SST","UNCLASSIFIED","OTHER","OUTSIDE A3 PRODUCTION","GENERAL / SOURCE","C:\Abay-Germes\HouseMaster\apps\web\.next\dev\cache\turbopack\v16.2.10","C:\Abay-Germes\HouseMaster\apps\web\.next\dev\cache\turbopack\v16.2.10\00000107.sst","0,1","24.07.2026 15:41:02"
"00000108.meta",".meta","META","UNCLASSIFIED","OTHER","OUTSIDE A3 PRODUCTION","GENERAL / SOURCE","C:\Abay-Germes\HouseMaster\apps\web\.next\dev\cache\turbopack\v16.2.10","C:\Abay-Germes\HouseMaster\apps\web\.next\dev\cache\turbopack\v16.2.10\00000108.meta","0,7","24.07.2026 15:41:02"
"00000109.meta",".meta","META","UNCLASSIFIED","OTHER","OUTSIDE A3 PRODUCTION","GENERAL / SOURCE","C:\Abay-Germes\HouseMaster\apps\web\.next\dev\cache\turbopack\v16.2.10","C:\Abay-Germes\HouseMaster\apps\web\.next\dev\cache\turbopack\v16.2.10\00000109.meta","0,9","24.07.2026 15:41:02"
"00000110.meta",".meta","META","UNCLASSIFIED","OTHER","OUTSIDE A3 PRODUCTION","GENERAL / SOURCE","C:\Abay-Germes\HouseMaster\apps\web\.next\dev\cache\turbopack\v16.2.10","C:\Abay-Germes\HouseMaster\apps\web\.next\dev\cache\turbopack\v16.2.10\00000110.meta","0,9","24.07.2026 15:41:02"
"00000111.sst",".sst","SST","UNCLASSIFIED","OTHER","OUTSIDE A3 PRODUCTION","GENERAL / SOURCE","C:\Abay-Germes\HouseMaster\apps\web\.next\dev\cache\turbopack\v16.2.10","C:\Abay-Germes\HouseMaster\apps\web\.next\dev\cache\turbopack\v16.2.10\00000111.sst","23,2","24.07.2026 15:42:02"
"00000112.sst",".sst","SST","UNCLASSIFIED","OTHER","OUTSIDE A3 PRODUCTION","GENERAL / SOURCE","C:\Abay-Germes\HouseMaster\apps\web\.next\dev\cache\turbopack\v16.2.10","C:\Abay-Germes\HouseMaster\apps\web\.next\dev\cache\turbopack\v16.2.10\00000112.sst","18","24.07.2026 15:42:02"
"00000113.sst",".sst","SST","UNCLASSIFIED","OTHER","OUTSIDE A3 PRODUCTION","GENERAL / SOURCE","C:\Abay-Germes\HouseMaster\apps\web\.next\dev\cache\turbopack\v16.2.10","C:\Abay-Germes\HouseMaster\apps\web\.next\dev\cache\turbopack\v16.2.10\00000113.sst","0,1","24.07.2026 15:42:02"
"00000114.meta",".meta","META","UNCLASSIFIED","OTHER","OUTSIDE A3 PRODUCTION","GENERAL / SOURCE","C:\Abay-Germes\HouseMaster\apps\web\.next\dev\cache\turbopack\v16.2.10","C:\Abay-Germes\HouseMaster\apps\web\.next\dev\cache\turbopack\v16.2.10\00000114.meta","0,7","24.07.2026 15:42:02"
"00000115.meta",".meta","META","UNCLASSIFIED","OTHER","OUTSIDE A3 PRODUCTION","GENERAL / SOURCE","C:\Abay-Germes\HouseMaster\apps\web\.next\dev\cache\turbopack\v16.2.10","C:\Abay-Germes\HouseMaster\apps\web\.next\dev\cache\turbopack\v16.2.10\00000115.meta","0,9","24.07.2026 15:42:02"
"00000116.meta",".meta","META","UNCLASSIFIED","OTHER","OUTSIDE A3 PRODUCTION","GENERAL / SOURCE","C:\Abay-Germes\HouseMaster\apps\web\.next\dev\cache\turbopack\v16.2.10","C:\Abay-Germes\HouseMaster\apps\web\.next\dev\cache\turbopack\v16.2.10\00000116.meta","0,9","24.07.2026 15:42:02"
"00000117.sst",".sst","SST","UNCLASSIFIED","OTHER","OUTSIDE A3 PRODUCTION","GENERAL / SOURCE","C:\Abay-Germes\HouseMaster\apps\web\.next\dev\cache\turbopack\v16.2.10","C:\Abay-Germes\HouseMaster\apps\web\.next\dev\cache\turbopack\v16.2.10\00000117.sst","18","24.07.2026 15:43:02"
"00000118.sst",".sst","SST","UNCLASSIFIED","OTHER","OUTSIDE A3 PRODUCTION","GENERAL / SOURCE","C:\Abay-Germes\HouseMaster\apps\web\.next\dev\cache\turbopack\v16.2.10","C:\Abay-Germes\HouseMaster\apps\web\.next\dev\cache\turbopack\v16.2.10\00000118.sst","23,2","24.07.2026 15:43:02"
"00000119.sst",".sst","SST","UNCLASSIFIED","OTHER","OUTSIDE A3 PRODUCTION","GENERAL / SOURCE","C:\Abay-Germes\HouseMaster\apps\web\.next\dev\cache\turbopack\v16.2.10","C:\Abay-Germes\HouseMaster\apps\web\.next\dev\cache\turbopack\v16.2.10\00000119.sst","0,1","24.07.2026 15:43:02"
"00000120.meta",".meta","META","UNCLASSIFIED","OTHER","OUTSIDE A3 PRODUCTION","GENERAL / SOURCE","C:\Abay-Germes\HouseMaster\apps\web\.next\dev\cache\turbopack\v16.2.10","C:\Abay-Germes\HouseMaster\apps\web\.next\dev\cache\turbopack\v16.2.10\00000120.meta","0,7","24.07.2026 15:43:02"
"00000121.meta",".meta","META","UNCLASSIFIED","OTHER","OUTSIDE A3 PRODUCTION","GENERAL / SOURCE","C:\Abay-Germes\HouseMaster\apps\web\.next\dev\cache\turbopack\v16.2.10","C:\Abay-Germes\HouseMaster\apps\web\.next\dev\cache\turbopack\v16.2.10\00000121.meta","0,9","24.07.2026 15:43:02"
"00000122.meta",".meta","META","UNCLASSIFIED","OTHER","OUTSIDE A3 PRODUCTION","GENERAL / SOURCE","C:\Abay-Germes\HouseMaster\apps\web\.next\dev\cache\turbopack\v16.2.10","C:\Abay-Germes\HouseMaster\apps\web\.next\dev\cache\turbopack\v16.2.10\00000122.meta","0,9","24.07.2026 15:43:02"
"00000123.sst",".sst","SST","UNCLASSIFIED","OTHER","OUTSIDE A3 PRODUCTION","GENERAL / SOURCE","C:\Abay-Germes\HouseMaster\apps\web\.next\dev\cache\turbopack\v16.2.10","C:\Abay-Germes\HouseMaster\apps\web\.next\dev\cache\turbopack\v16.2.10\00000123.sst","17,9","24.07.2026 15:44:02"
"00000124.sst",".sst","SST","UNCLASSIFIED","OTHER","OUTSIDE A3 PRODUCTION","GENERAL / SOURCE","C:\Abay-Germes\HouseMaster\apps\web\.next\dev\cache\turbopack\v16.2.10","C:\Abay-Germes\HouseMaster\apps\web\.next\dev\cache\turbopack\v16.2.10\00000124.sst","23,2","24.07.2026 15:44:02"
"00000125.sst",".sst","SST","UNCLASSIFIED","OTHER","OUTSIDE A3 PRODUCTION","GENERAL / SOURCE","C:\Abay-Germes\HouseMaster\apps\web\.next\dev\cache\turbopack\v16.2.10","C:\Abay-Germes\HouseMaster\apps\web\.next\dev\cache\turbopack\v16.2.10\00000125.sst","0,1","24.07.2026 15:44:02"
"00000126.meta",".meta","META","UNCLASSIFIED","OTHER","OUTSIDE A3 PRODUCTION","GENERAL / SOURCE","C:\Abay-Germes\HouseMaster\apps\web\.next\dev\cache\turbopack\v16.2.10","C:\Abay-Germes\HouseMaster\apps\web\.next\dev\cache\turbopack\v16.2.10\00000126.meta","0,7","24.07.2026 15:44:02"
"00000127.meta",".meta","META","UNCLASSIFIED","OTHER","OUTSIDE A3 PRODUCTION","GENERAL / SOURCE","C:\Abay-Germes\HouseMaster\apps\web\.next\dev\cache\turbopack\v16.2.10","C:\Abay-Germes\HouseMaster\apps\web\.next\dev\cache\turbopack\v16.2.10\00000127.meta","0,9","24.07.2026 15:44:02"
"00000128.meta",".meta","META","UNCLASSIFIED","OTHER","OUTSIDE A3 PRODUCTION","GENERAL / SOURCE","C:\Abay-Germes\HouseMaster\apps\web\.next\dev\cache\turbopack\v16.2.10","C:\Abay-Germes\HouseMaster\apps\web\.next\dev\cache\turbopack\v16.2.10\00000128.meta","0,9","24.07.2026 15:44:02"
"00000129.sst",".sst","SST","UNCLASSIFIED","OTHER","OUTSIDE A3 PRODUCTION","GENERAL / SOURCE","C:\Abay-Germes\HouseMaster\apps\web\.next\dev\cache\turbopack\v16.2.10","C:\Abay-Germes\HouseMaster\apps\web\.next\dev\cache\turbopack\v16.2.10\00000129.sst","17,9","24.07.2026 15:45:02"
"00000130.sst",".sst","SST","UNCLASSIFIED","OTHER","OUTSIDE A3 PRODUCTION","GENERAL / SOURCE","C:\Abay-Germes\HouseMaster\apps\web\.next\dev\cache\turbopack\v16.2.10","C:\Abay-Germes\HouseMaster\apps\web\.next\dev\cache\turbopack\v16.2.10\00000130.sst","23,2","24.07.2026 15:45:02"
"00000131.sst",".sst","SST","UNCLASSIFIED","OTHER","OUTSIDE A3 PRODUCTION","GENERAL / SOURCE","C:\Abay-Germes\HouseMaster\apps\web\.next\dev\cache\turbopack\v16.2.10","C:\Abay-Germes\HouseMaster\apps\web\.next\dev\cache\turbopack\v16.2.10\00000131.sst","0,1","24.07.2026 15:45:02"
"00000132.meta",".meta","META","UNCLASSIFIED","OTHER","OUTSIDE A3 PRODUCTION","GENERAL / SOURCE","C:\Abay-Germes\HouseMaster\apps\web\.next\dev\cache\turbopack\v16.2.10","C:\Abay-Germes\HouseMaster\apps\web\.next\dev\cache\turbopack\v16.2.10\00000132.meta","0,7","24.07.2026 15:45:02"
"00000133.meta",".meta","META","UNCLASSIFIED","OTHER","OUTSIDE A3 PRODUCTION","GENERAL / SOURCE","C:\Abay-Germes\HouseMaster\apps\web\.next\dev\cache\turbopack\v16.2.10","C:\Abay-Germes\HouseMaster\apps\web\.next\dev\cache\turbopack\v16.2.10\00000133.meta","0,9","24.07.2026 15:45:02"
"00000134.meta",".meta","META","UNCLASSIFIED","OTHER","OUTSIDE A3 PRODUCTION","GENERAL / SOURCE","C:\Abay-Germes\HouseMaster\apps\web\.next\dev\cache\turbopack\v16.2.10","C:\Abay-Germes\HouseMaster\apps\web\.next\dev\cache\turbopack\v16.2.10\00000134.meta","0,9","24.07.2026 15:45:02"
"00000135.sst",".sst","SST","UNCLASSIFIED","OTHER","OUTSIDE A3 PRODUCTION","GENERAL / SOURCE","C:\Abay-Germes\HouseMaster\apps\web\.next\dev\cache\turbopack\v16.2.10","C:\Abay-Germes\HouseMaster\apps\web\.next\dev\cache\turbopack\v16.2.10\00000135.sst","11497,7","01.08.2026 14:45:46"
"00000136.sst",".sst","SST","UNCLASSIFIED","OTHER","OUTSIDE A3 PRODUCTION","GENERAL / SOURCE","C:\Abay-Germes\HouseMaster\apps\web\.next\dev\cache\turbopack\v16.2.10","C:\Abay-Germes\HouseMaster\apps\web\.next\dev\cache\turbopack\v16.2.10\00000136.sst","3259","01.08.2026 14:45:46"
"00000137.sst",".sst","SST","UNCLASSIFIED","OTHER","OUTSIDE A3 PRODUCTION","GENERAL / SOURCE","C:\Abay-Germes\HouseMaster\apps\web\.next\dev\cache\turbopack\v16.2.10","C:\Abay-Germes\HouseMaster\apps\web\.next\dev\cache\turbopack\v16.2.10\00000137.sst","0,1","01.08.2026 14:45:46"
"00000138.sst",".sst","SST","UNCLASSIFIED","OTHER","OUTSIDE A3 PRODUCTION","GENERAL / SOURCE","C:\Abay-Germes\HouseMaster\apps\web\.next\dev\cache\turbopack\v16.2.10","C:\Abay-Germes\HouseMaster\apps\web\.next\dev\cache\turbopack\v16.2.10\00000138.sst","272,8","01.08.2026 14:45:46"
"00000139.meta",".meta","META","UNCLASSIFIED","OTHER","OUTSIDE A3 PRODUCTION","GENERAL / SOURCE","C:\Abay-Germes\HouseMaster\apps\web\.next\dev\cache\turbopack\v16.2.10","C:\Abay-Germes\HouseMaster\apps\web\.next\dev\cache\turbopack\v16.2.10\00000139.meta","0,7","01.08.2026 14:45:46"
"00000140.meta",".meta","META","UNCLASSIFIED","OTHER","OUTSIDE A3 PRODUCTION","GENERAL / SOURCE","C:\Abay-Germes\HouseMaster\apps\web\.next\dev\cache\turbopack\v16.2.10","C:\Abay-Germes\HouseMaster\apps\web\.next\dev\cache\turbopack\v16.2.10\00000140.meta","89,7","01.08.2026 14:45:46"
"00000141.meta",".meta","META","UNCLASSIFIED","OTHER","OUTSIDE A3 PRODUCTION","GENERAL / SOURCE","C:\Abay-Germes\HouseMaster\apps\web\.next\dev\cache\turbopack\v16.2.10","C:\Abay-Germes\HouseMaster\apps\web\.next\dev\cache\turbopack\v16.2.10\00000141.meta","277,6","01.08.2026 14:45:46"
"00000142.meta",".meta","META","UNCLASSIFIED","OTHER","OUTSIDE A3 PRODUCTION","GENERAL / SOURCE","C:\Abay-Germes\HouseMaster\apps\web\.next\dev\cache\turbopack\v16.2.10","C:\Abay-Germes\HouseMaster\apps\web\.next\dev\cache\turbopack\v16.2.10\00000142.meta","277,6","01.08.2026 14:45:46"
"CURRENT","","","UNCLASSIFIED","OTHER","OUTSIDE A3 PRODUCTION","GENERAL / SOURCE","C:\Abay-Germes\HouseMaster\apps\web\.next\dev\cache\turbopack\v16.2.10","C:\Abay-Germes\HouseMaster\apps\web\.next\dev\cache\turbopack\v16.2.10\CURRENT","0","01.08.2026 14:45:46"
"LOG","","","UNCLASSIFIED","OTHER","OUTSIDE A3 PRODUCTION","GENERAL / SOURCE","C:\Abay-Germes\HouseMaster\apps\web\.next\dev\cache\turbopack\v16.2.10","C:\Abay-Germes\HouseMaster\apps\web\.next\dev\cache\turbopack\v16.2.10\LOG","18,6","01.08.2026 14:45:46"
"fallback-build-manifest.json",".json","JSON","UNCLASSIFIED","OTHER","OUTSIDE A3 PRODUCTION","GENERAL / SOURCE","C:\Abay-Germes\HouseMaster\apps\web\.next\dev","C:\Abay-Germes\HouseMaster\apps\web\.next\dev\fallback-build-manifest.json","0,3","01.08.2026 14:45:42"
"next-development.log",".log","LOG","UNCLASSIFIED","OTHER","OUTSIDE A3 PRODUCTION","GENERAL / SOURCE","C:\Abay-Germes\HouseMaster\apps\web\.next\dev\logs","C:\Abay-Germes\HouseMaster\apps\web\.next\dev\logs\next-development.log","0,1","01.08.2026 14:45:43"
"package.json",".json","JSON","UNCLASSIFIED","OTHER","OUTSIDE A3 PRODUCTION","GENERAL / SOURCE","C:\Abay-Germes\HouseMaster\apps\web\.next\dev","C:\Abay-Germes\HouseMaster\apps\web\.next\dev\package.json","0","01.08.2026 14:45:40"
"prerender-manifest.json",".json","JSON","UNCLASSIFIED","OTHER","OUTSIDE A3 PRODUCTION","GENERAL / SOURCE","C:\Abay-Germes\HouseMaster\apps\web\.next\dev","C:\Abay-Germes\HouseMaster\apps\web\.next\dev\prerender-manifest.json","0,3","01.08.2026 14:45:42"
"routes-manifest.json",".json","JSON","UNCLASSIFIED","OTHER","OUTSIDE A3 PRODUCTION","GENERAL / SOURCE","C:\Abay-Germes\HouseMaster\apps\web\.next\dev","C:\Abay-Germes\HouseMaster\apps\web\.next\dev\routes-manifest.json","0,3","01.08.2026 14:45:42"
"page.js",".js","JS","UNCLASSIFIED","OTHER","OUTSIDE A3 PRODUCTION","GENERAL / SOURCE","C:\Abay-Germes\HouseMaster\apps\web\.next\dev\server\app\admin","C:\Abay-Germes\HouseMaster\apps\web\.next\dev\server\app\admin\page.js","3,9","24.07.2026 15:28:42"
"page.js.map",".map","MAP","UNCLASSIFIED","OTHER","OUTSIDE A3 PRODUCTION","GENERAL / SOURCE","C:\Abay-Germes\HouseMaster\apps\web\.next\dev\server\app\admin","C:\Abay-Germes\HouseMaster\apps\web\.next\dev\server\app\admin\page.js.map","0,1","24.07.2026 15:28:42"
"app-paths-manifest.json",".json","JSON","UNCLASSIFIED","OTHER","OUTSIDE A3 PRODUCTION","GENERAL / SOURCE","C:\Abay-Germes\HouseMaster\apps\web\.next\dev\server\app\admin\page","C:\Abay-Germes\HouseMaster\apps\web\.next\dev\server\app\admin\page\app-paths-manifest.json","0","24.07.2026 15:28:42"
"build-manifest.json",".json","JSON","UNCLASSIFIED","OTHER","OUTSIDE A3 PRODUCTION","GENERAL / SOURCE","C:\Abay-Germes\HouseMaster\apps\web\.next\dev\server\app\admin\page","C:\Abay-Germes\HouseMaster\apps\web\.next\dev\server\app\admin\page\build-manifest.json","0,8","24.07.2026 15:28:42"
"next-font-manifest.json",".json","JSON","UNCLASSIFIED","OTHER","OUTSIDE A3 PRODUCTION","GENERAL / SOURCE","C:\Abay-Germes\HouseMaster\apps\web\.next\dev\server\app\admin\page","C:\Abay-Germes\HouseMaster\apps\web\.next\dev\server\app\admin\page\next-font-manifest.json","0,3","24.07.2026 15:28:42"
"react-loadable-manifest.json",".json","JSON","UNCLASSIFIED","OTHER","OUTSIDE A3 PRODUCTION","GENERAL / SOURCE","C:\Abay-Germes\HouseMaster\apps\web\.next\dev\server\app\admin\page","C:\Abay-Germes\HouseMaster\apps\web\.next\dev\server\app\admin\page\react-loadable-manifest.json","0","24.07.2026 15:28:42"
"server-reference-manifest.json",".json","JSON","UNCLASSIFIED","OTHER","OUTSIDE A3 PRODUCTION","GENERAL / SOURCE","C:\Abay-Germes\HouseMaster\apps\web\.next\dev\server\app\admin\page","C:\Abay-Germes\HouseMaster\apps\web\.next\dev\server\app\admin\page\server-reference-manifest.json","0,6","24.07.2026 15:28:42"
"page_client-reference-manifest.js",".js","JS","UNCLASSIFIED","OTHER","OUTSIDE A3 PRODUCTION","GENERAL / SOURCE","C:\Abay-Germes\HouseMaster\apps\web\.next\dev\server\app\admin","C:\Abay-Germes\HouseMaster\apps\web\.next\dev\server\app\admin\page_client-reference-manifest.js","22,9","24.07.2026 15:28:42"
"route.js",".js","JS","UNCLASSIFIED","OTHER","OUTSIDE A3 PRODUCTION","GENERAL / SOURCE","C:\Abay-Germes\HouseMaster\apps\web\.next\dev\server\app\api\auth\[...nextauth]","C:\Abay-Germes\HouseMaster\apps\web\.next\dev\server\app\api\auth\[...nextauth]\route.js","1,1","24.07.2026 15:26:54"
"route.js.map",".map","MAP","UNCLASSIFIED","OTHER","OUTSIDE A3 PRODUCTION","GENERAL / SOURCE","C:\Abay-Germes\HouseMaster\apps\web\.next\dev\server\app\api\auth\[...nextauth]","C:\Abay-Germes\HouseMaster\apps\web\.next\dev\server\app\api\auth\[...nextauth]\route.js.map","0,1","24.07.2026 15:26:54"
"app-paths-manifest.json",".json","JSON","UNCLASSIFIED","OTHER","OUTSIDE A3 PRODUCTION","GENERAL / SOURCE","C:\Abay-Germes\HouseMaster\apps\web\.next\dev\server\app\api\auth\[...nextauth]\route","C:\Abay-Germes\HouseMaster\apps\web\.next\dev\server\app\api\auth\[...nextauth]\route\app-paths-manifest.json","0,1","24.07.2026 15:26:54"
"build-manifest.json",".json","JSON","UNCLASSIFIED","OTHER","OUTSIDE A3 PRODUCTION","GENERAL / SOURCE","C:\Abay-Germes\HouseMaster\apps\web\.next\dev\server\app\api\auth\[...nextauth]\route","C:\Abay-Germes\HouseMaster\apps\web\.next\dev\server\app\api\auth\[...nextauth]\route\build-manifest.json","0,1","24.07.2026 15:26:54"
"server-reference-manifest.json",".json","JSON","UNCLASSIFIED","OTHER","OUTSIDE A3 PRODUCTION","GENERAL / SOURCE","C:\Abay-Germes\HouseMaster\apps\web\.next\dev\server\app\api\auth\[...nextauth]\route","C:\Abay-Germes\HouseMaster\apps\web\.next\dev\server\app\api\auth\[...nextauth]\route\server-reference-manifest.json","0","24.07.2026 15:26:54"
"route_client-reference-manifest.js",".js","JS","UNCLASSIFIED","OTHER","OUTSIDE A3 PRODUCTION","GENERAL / SOURCE","C:\Abay-Germes\HouseMaster\apps\web\.next\dev\server\app\api\auth\[...nextauth]","C:\Abay-Germes\HouseMaster\apps\web\.next\dev\server\app\api\auth\[...nextauth]\route_client-reference-manifest.js","0,3","24.07.2026 15:26:54"
"page.js",".js","JS","UNCLASSIFIED","OTHER","OUTSIDE A3 PRODUCTION","GENERAL / SOURCE","C:\Abay-Germes\HouseMaster\apps\web\.next\dev\server\app\login","C:\Abay-Germes\HouseMaster\apps\web\.next\dev\server\app\login\page.js","3,9","24.07.2026 15:24:23"
"page.js.map",".map","MAP","UNCLASSIFIED","OTHER","OUTSIDE A3 PRODUCTION","GENERAL / SOURCE","C:\Abay-Germes\HouseMaster\apps\web\.next\dev\server\app\login","C:\Abay-Germes\HouseMaster\apps\web\.next\dev\server\app\login\page.js.map","0,1","24.07.2026 15:24:23"
"app-paths-manifest.json",".json","JSON","UNCLASSIFIED","OTHER","OUTSIDE A3 PRODUCTION","GENERAL / SOURCE","C:\Abay-Germes\HouseMaster\apps\web\.next\dev\server\app\login\page","C:\Abay-Germes\HouseMaster\apps\web\.next\dev\server\app\login\page\app-paths-manifest.json","0","24.07.2026 15:24:23"
"build-manifest.json",".json","JSON","UNCLASSIFIED","OTHER","OUTSIDE A3 PRODUCTION","GENERAL / SOURCE","C:\Abay-Germes\HouseMaster\apps\web\.next\dev\server\app\login\page","C:\Abay-Germes\HouseMaster\apps\web\.next\dev\server\app\login\page\build-manifest.json","0,8","24.07.2026 15:24:23"
"next-font-manifest.json",".json","JSON","UNCLASSIFIED","OTHER","OUTSIDE A3 PRODUCTION","GENERAL / SOURCE","C:\Abay-Germes\HouseMaster\apps\web\.next\dev\server\app\login\page","C:\Abay-Germes\HouseMaster\apps\web\.next\dev\server\app\login\page\next-font-manifest.json","0,3","24.07.2026 15:24:23"
"react-loadable-manifest.json",".json","JSON","UNCLASSIFIED","OTHER","OUTSIDE A3 PRODUCTION","GENERAL / SOURCE","C:\Abay-Germes\HouseMaster\apps\web\.next\dev\server\app\login\page","C:\Abay-Germes\HouseMaster\apps\web\.next\dev\server\app\login\page\react-loadable-manifest.json","0","24.07.2026 15:24:23"
"server-reference-manifest.json",".json","JSON","UNCLASSIFIED","OTHER","OUTSIDE A3 PRODUCTION","GENERAL / SOURCE","C:\Abay-Germes\HouseMaster\apps\web\.next\dev\server\app\login\page","C:\Abay-Germes\HouseMaster\apps\web\.next\dev\server\app\login\page\server-reference-manifest.json","0","24.07.2026 15:24:23"
"page_client-reference-manifest.js",".js","JS","UNCLASSIFIED","OTHER","OUTSIDE A3 PRODUCTION","GENERAL / SOURCE","C:\Abay-Germes\HouseMaster\apps\web\.next\dev\server\app\login","C:\Abay-Germes\HouseMaster\apps\web\.next\dev\server\app\login\page_client-reference-manifest.js","22,1","24.07.2026 15:24:23"
"app-paths-manifest.json",".json","JSON","UNCLASSIFIED","OTHER","OUTSIDE A3 PRODUCTION","GENERAL / SOURCE","C:\Abay-Germes\HouseMaster\apps\web\.next\dev\server","C:\Abay-Germes\HouseMaster\apps\web\.next\dev\server\app-paths-manifest.json","0","01.08.2026 14:45:42"
"[root-of-the-server]__0bwix_h._.js",".js","JS","UNCLASSIFIED","OTHER","OUTSIDE A3 PRODUCTION","GENERAL / SOURCE","C:\Abay-Germes\HouseMaster\apps\web\.next\dev\server\chunks","C:\Abay-Germes\HouseMaster\apps\web\.next\dev\server\chunks\[root-of-the-server]__0bwix_h._.js","12,4","01.08.2026 14:45:42"
"[root-of-the-server]__0bwix_h._.js.map",".map","MAP","UNCLASSIFIED","OTHER","OUTSIDE A3 PRODUCTION","GENERAL / SOURCE","C:\Abay-Germes\HouseMaster\apps\web\.next\dev\server\chunks","C:\Abay-Germes\HouseMaster\apps\web\.next\dev\server\chunks\[root-of-the-server]__0bwix_h._.js.map","6,6","01.08.2026 14:45:42"
"[root-of-the-server]__16_zwsv._.js",".js","JS","UNCLASSIFIED","OTHER","OUTSIDE A3 PRODUCTION","GENERAL / SOURCE","C:\Abay-Germes\HouseMaster\apps\web\.next\dev\server\chunks","C:\Abay-Germes\HouseMaster\apps\web\.next\dev\server\chunks\[root-of-the-server]__16_zwsv._.js","9,1","24.07.2026 15:26:54"
"[root-of-the-server]__16_zwsv._.js.map",".map","MAP","UNCLASSIFIED","OTHER","OUTSIDE A3 PRODUCTION","GENERAL / SOURCE","C:\Abay-Germes\HouseMaster\apps\web\.next\dev\server\chunks","C:\Abay-Germes\HouseMaster\apps\web\.next\dev\server\chunks\[root-of-the-server]__16_zwsv._.js.map","5,4","24.07.2026 15:26:54"
"[turbopack]_runtime.js",".js","JS","UNCLASSIFIED","OTHER","OUTSIDE A3 PRODUCTION","GENERAL / SOURCE","C:\Abay-Germes\HouseMaster\apps\web\.next\dev\server\chunks","C:\Abay-Germes\HouseMaster\apps\web\.next\dev\server\chunks\[turbopack]_runtime.js","67,9","24.07.2026 15:26:54"
"[turbopack]_runtime.js.map",".map","MAP","UNCLASSIFIED","OTHER","OUTSIDE A3 PRODUCTION","GENERAL / SOURCE","C:\Abay-Germes\HouseMaster\apps\web\.next\dev\server\chunks","C:\Abay-Germes\HouseMaster\apps\web\.next\dev\server\chunks\[turbopack]_runtime.js.map","120,1","24.07.2026 15:26:54"
"0u62_jose_dist_webapi_14nmn2z._.js",".js","JS","UNCLASSIFIED","OTHER","OUTSIDE A3 PRODUCTION","GENERAL / SOURCE","C:\Abay-Germes\HouseMaster\apps\web\.next\dev\server\chunks","C:\Abay-Germes\HouseMaster\apps\web\.next\dev\server\chunks\0u62_jose_dist_webapi_14nmn2z._.js","210,1","24.07.2026 15:26:54"
"0u62_jose_dist_webapi_14nmn2z._.js.map",".map","MAP","UNCLASSIFIED","OTHER","OUTSIDE A3 PRODUCTION","GENERAL / SOURCE","C:\Abay-Germes\HouseMaster\apps\web\.next\dev\server\chunks","C:\Abay-Germes\HouseMaster\apps\web\.next\dev\server\chunks\0u62_jose_dist_webapi_14nmn2z._.js.map","186,7","24.07.2026 15:26:54"
"0u62_jose_dist_webapi_1ubndsa._.js",".js","JS","UNCLASSIFIED","OTHER","OUTSIDE A3 PRODUCTION","GENERAL / SOURCE","C:\Abay-Germes\HouseMaster\apps\web\.next\dev\server\chunks","C:\Abay-Germes\HouseMaster\apps\web\.next\dev\server\chunks\0u62_jose_dist_webapi_1ubndsa._.js","209,4","01.08.2026 14:45:42"
"0u62_jose_dist_webapi_1ubndsa._.js.map",".map","MAP","UNCLASSIFIED","OTHER","OUTSIDE A3 PRODUCTION","GENERAL / SOURCE","C:\Abay-Germes\HouseMaster\apps\web\.next\dev\server\chunks","C:\Abay-Germes\HouseMaster\apps\web\.next\dev\server\chunks\0u62_jose_dist_webapi_1ubndsa._.js.map","186,7","01.08.2026 14:45:42"
"0zhm_@auth_core_0i2dgx0._.js",".js","JS","UNCLASSIFIED","OTHER","OUTSIDE A3 PRODUCTION","GENERAL / SOURCE","C:\Abay-Germes\HouseMaster\apps\web\.next\dev\server\chunks","C:\Abay-Germes\HouseMaster\apps\web\.next\dev\server\chunks\0zhm_@auth_core_0i2dgx0._.js","297,6","01.08.2026 14:45:42"
"0zhm_@auth_core_0i2dgx0._.js.map",".map","MAP","UNCLASSIFIED","OTHER","OUTSIDE A3 PRODUCTION","GENERAL / SOURCE","C:\Abay-Germes\HouseMaster\apps\web\.next\dev\server\chunks","C:\Abay-Germes\HouseMaster\apps\web\.next\dev\server\chunks\0zhm_@auth_core_0i2dgx0._.js.map","332,6","01.08.2026 14:45:42"
"0zhm_@auth_core_119a267._.js",".js","JS","UNCLASSIFIED","OTHER","OUTSIDE A3 PRODUCTION","GENERAL / SOURCE","C:\Abay-Germes\HouseMaster\apps\web\.next\dev\server\chunks","C:\Abay-Germes\HouseMaster\apps\web\.next\dev\server\chunks\0zhm_@auth_core_119a267._.js","298,2","24.07.2026 15:26:54"
"0zhm_@auth_core_119a267._.js.map",".map","MAP","UNCLASSIFIED","OTHER","OUTSIDE A3 PRODUCTION","GENERAL / SOURCE","C:\Abay-Germes\HouseMaster\apps\web\.next\dev\server\chunks","C:\Abay-Germes\HouseMaster\apps\web\.next\dev\server\chunks\0zhm_@auth_core_119a267._.js.map","332,5","24.07.2026 15:26:54"
"1e9k_next_0k3y6mu._.js",".js","JS","UNCLASSIFIED","OTHER","OUTSIDE A3 PRODUCTION","GENERAL / SOURCE","C:\Abay-Germes\HouseMaster\apps\web\.next\dev\server\chunks","C:\Abay-Germes\HouseMaster\apps\web\.next\dev\server\chunks\1e9k_next_0k3y6mu._.js","929,4","24.07.2026 15:26:54"
"1e9k_next_0k3y6mu._.js.map",".map","MAP","UNCLASSIFIED","OTHER","OUTSIDE A3 PRODUCTION","GENERAL / SOURCE","C:\Abay-Germes\HouseMaster\apps\web\.next\dev\server\chunks","C:\Abay-Germes\HouseMaster\apps\web\.next\dev\server\chunks\1e9k_next_0k3y6mu._.js.map","1061,7","24.07.2026 15:26:54"
"1e9k_next_1ylgz6w._.js",".js","JS","UNCLASSIFIED","OTHER","OUTSIDE A3 PRODUCTION","GENERAL / SOURCE","C:\Abay-Germes\HouseMaster\apps\web\.next\dev\server\chunks","C:\Abay-Germes\HouseMaster\apps\web\.next\dev\server\chunks\1e9k_next_1ylgz6w._.js","1115,2","01.08.2026 14:45:42"
"1e9k_next_1ylgz6w._.js.map",".map","MAP","UNCLASSIFIED","OTHER","OUTSIDE A3 PRODUCTION","GENERAL / SOURCE","C:\Abay-Germes\HouseMaster\apps\web\.next\dev\server\chunks","C:\Abay-Germes\HouseMaster\apps\web\.next\dev\server\chunks\1e9k_next_1ylgz6w._.js.map","1258,6","01.08.2026 14:45:42"
"apps_web__next-internal_server_app_api_auth_[___nextauth]_route_actions_0cwnx2s.js",".js","JS","UNCLASSIFIED","OTHER","OUTSIDE A3 PRODUCTION","GENERAL / SOURCE","C:\Abay-Germes\HouseMaster\apps\web\.next\dev\server\chunks","C:\Abay-Germes\HouseMaster\apps\web\.next\dev\server\chunks\apps_web__next-internal_server_app_api_auth_[___nextauth]_route_actions_0cwnx2s.js","0,3","24.07.2026 15:26:54"
"apps_web__next-internal_server_app_api_auth_[___nextauth]_route_actions_0cwnx2s.js.map",".map","MAP","UNCLASSIFIED","OTHER","OUTSIDE A3 PRODUCTION","GENERAL / SOURCE","C:\Abay-Germes\HouseMaster\apps\web\.next\dev\server\chunks","C:\Abay-Germes\HouseMaster\apps\web\.next\dev\server\chunks\apps_web__next-internal_server_app_api_auth_[___nextauth]_route_actions_0cwnx2s.js.map","0,2","24.07.2026 15:26:54"
"apps_web_src_app_api_auth_[___nextauth]_route_ts_1aot1nh._.js",".js","JS","UNCLASSIFIED","OTHER","OUTSIDE A3 PRODUCTION","GENERAL / SOURCE","C:\Abay-Germes\HouseMaster\apps\web\.next\dev\server\chunks","C:\Abay-Germes\HouseMaster\apps\web\.next\dev\server\chunks\apps_web_src_app_api_auth_[___nextauth]_route_ts_1aot1nh._.js","0,4","24.07.2026 15:26:54"
"apps_web_src_app_api_auth_[___nextauth]_route_ts_1aot1nh._.js.map",".map","MAP","UNCLASSIFIED","OTHER","OUTSIDE A3 PRODUCTION","GENERAL / SOURCE","C:\Abay-Germes\HouseMaster\apps\web\.next\dev\server\chunks","C:\Abay-Germes\HouseMaster\apps\web\.next\dev\server\chunks\apps_web_src_app_api_auth_[___nextauth]_route_ts_1aot1nh._.js.map","0,1","24.07.2026 15:26:54"
"node_modules__pnpm_01u4gxu._.js",".js","JS","UNCLASSIFIED","OTHER","OUTSIDE A3 PRODUCTION","GENERAL / SOURCE","C:\Abay-Germes\HouseMaster\apps\web\.next\dev\server\chunks","C:\Abay-Germes\HouseMaster\apps\web\.next\dev\server\chunks\node_modules__pnpm_01u4gxu._.js","189,8","01.08.2026 14:45:42"
"node_modules__pnpm_01u4gxu._.js.map",".map","MAP","UNCLASSIFIED","OTHER","OUTSIDE A3 PRODUCTION","GENERAL / SOURCE","C:\Abay-Germes\HouseMaster\apps\web\.next\dev\server\chunks","C:\Abay-Germes\HouseMaster\apps\web\.next\dev\server\chunks\node_modules__pnpm_01u4gxu._.js.map","271,4","01.08.2026 14:45:42"
"node_modules__pnpm_0lxi0hx._.js",".js","JS","UNCLASSIFIED","OTHER","OUTSIDE A3 PRODUCTION","GENERAL / SOURCE","C:\Abay-Germes\HouseMaster\apps\web\.next\dev\server\chunks","C:\Abay-Germes\HouseMaster\apps\web\.next\dev\server\chunks\node_modules__pnpm_0lxi0hx._.js","190","24.07.2026 15:26:54"
"node_modules__pnpm_0lxi0hx._.js.map",".map","MAP","UNCLASSIFIED","OTHER","OUTSIDE A3 PRODUCTION","GENERAL / SOURCE","C:\Abay-Germes\HouseMaster\apps\web\.next\dev\server\chunks","C:\Abay-Germes\HouseMaster\apps\web\.next\dev\server\chunks\node_modules__pnpm_0lxi0hx._.js.map","271,4","24.07.2026 15:26:54"
"[externals]__12if52y._.js",".js","JS","UNCLASSIFIED","OTHER","OUTSIDE A3 PRODUCTION","GENERAL / SOURCE","C:\Abay-Germes\HouseMaster\apps\web\.next\dev\server\chunks\ssr","C:\Abay-Germes\HouseMaster\apps\web\.next\dev\server\chunks\ssr\[externals]__12if52y._.js","3,3","24.07.2026 15:24:23"
"[externals]__12if52y._.js.map",".map","MAP","UNCLASSIFIED","OTHER","OUTSIDE A3 PRODUCTION","GENERAL / SOURCE","C:\Abay-Germes\HouseMaster\apps\web\.next\dev\server\chunks\ssr","C:\Abay-Germes\HouseMaster\apps\web\.next\dev\server\chunks\ssr\[externals]__12if52y._.js.map","0,1","24.07.2026 15:24:23"
"[externals]_next_dist_1mg6puk._.js",".js","JS","UNCLASSIFIED","OTHER","OUTSIDE A3 PRODUCTION","GENERAL / SOURCE","C:\Abay-Germes\HouseMaster\apps\web\.next\dev\server\chunks\ssr","C:\Abay-Germes\HouseMaster\apps\web\.next\dev\server\chunks\ssr\[externals]_next_dist_1mg6puk._.js","2,5","24.07.2026 15:24:23"
"[externals]_next_dist_1mg6puk._.js.map",".map","MAP","UNCLASSIFIED","OTHER","OUTSIDE A3 PRODUCTION","GENERAL / SOURCE","C:\Abay-Germes\HouseMaster\apps\web\.next\dev\server\chunks\ssr","C:\Abay-Germes\HouseMaster\apps\web\.next\dev\server\chunks\ssr\[externals]_next_dist_1mg6puk._.js.map","0,1","24.07.2026 15:24:23"
"[root-of-the-server]__18y1uqx._.js",".js","JS","UNCLASSIFIED","OTHER","OUTSIDE A3 PRODUCTION","GENERAL / SOURCE","C:\Abay-Germes\HouseMaster\apps\web\.next\dev\server\chunks\ssr","C:\Abay-Germes\HouseMaster\apps\web\.next\dev\server\chunks\ssr\[root-of-the-server]__18y1uqx._.js","1,7","24.07.2026 15:28:42"
"[root-of-the-server]__18y1uqx._.js.map",".map","MAP","UNCLASSIFIED","OTHER","OUTSIDE A3 PRODUCTION","GENERAL / SOURCE","C:\Abay-Germes\HouseMaster\apps\web\.next\dev\server\chunks\ssr","C:\Abay-Germes\HouseMaster\apps\web\.next\dev\server\chunks\ssr\[root-of-the-server]__18y1uqx._.js.map","0,4","24.07.2026 15:28:42"
"[root-of-the-server]__1o1vg-8._.js",".js","JS","UNCLASSIFIED","OTHER","OUTSIDE A3 PRODUCTION","GENERAL / SOURCE","C:\Abay-Germes\HouseMaster\apps\web\.next\dev\server\chunks\ssr","C:\Abay-Germes\HouseMaster\apps\web\.next\dev\server\chunks\ssr\[root-of-the-server]__1o1vg-8._.js","26,2","24.07.2026 15:24:23"
"[root-of-the-server]__1o1vg-8._.js.map",".map","MAP","UNCLASSIFIED","OTHER","OUTSIDE A3 PRODUCTION","GENERAL / SOURCE","C:\Abay-Germes\HouseMaster\apps\web\.next\dev\server\chunks\ssr","C:\Abay-Germes\HouseMaster\apps\web\.next\dev\server\chunks\ssr\[root-of-the-server]__1o1vg-8._.js.map","16,2","24.07.2026 15:24:23"
"[root-of-the-server]__1xvrafr._.js",".js","JS","UNCLASSIFIED","OTHER","OUTSIDE A3 PRODUCTION","GENERAL / SOURCE","C:\Abay-Germes\HouseMaster\apps\web\.next\dev\server\chunks\ssr","C:\Abay-Germes\HouseMaster\apps\web\.next\dev\server\chunks\ssr\[root-of-the-server]__1xvrafr._.js","24,6","24.07.2026 15:28:42"
"[root-of-the-server]__1xvrafr._.js.map",".map","MAP","UNCLASSIFIED","OTHER","OUTSIDE A3 PRODUCTION","GENERAL / SOURCE","C:\Abay-Germes\HouseMaster\apps\web\.next\dev\server\chunks\ssr","C:\Abay-Germes\HouseMaster\apps\web\.next\dev\server\chunks\ssr\[root-of-the-server]__1xvrafr._.js.map","9,6","24.07.2026 15:28:42"
"[root-of-the-server]__1yy2df1._.js",".js","JS","UNCLASSIFIED","OTHER","OUTSIDE A3 PRODUCTION","GENERAL / SOURCE","C:\Abay-Germes\HouseMaster\apps\web\.next\dev\server\chunks\ssr","C:\Abay-Germes\HouseMaster\apps\web\.next\dev\server\chunks\ssr\[root-of-the-server]__1yy2df1._.js","5,9","24.07.2026 15:24:23"
"[root-of-the-server]__1yy2df1._.js.map",".map","MAP","UNCLASSIFIED","OTHER","OUTSIDE A3 PRODUCTION","GENERAL / SOURCE","C:\Abay-Germes\HouseMaster\apps\web\.next\dev\server\chunks\ssr","C:\Abay-Germes\HouseMaster\apps\web\.next\dev\server\chunks\ssr\[root-of-the-server]__1yy2df1._.js.map","2,3","24.07.2026 15:24:23"
"[turbopack]_runtime.js",".js","JS","UNCLASSIFIED","OTHER","OUTSIDE A3 PRODUCTION","GENERAL / SOURCE","C:\Abay-Germes\HouseMaster\apps\web\.next\dev\server\chunks\ssr","C:\Abay-Germes\HouseMaster\apps\web\.next\dev\server\chunks\ssr\[turbopack]_runtime.js","68","24.07.2026 15:24:23"
"[turbopack]_runtime.js.map",".map","MAP","UNCLASSIFIED","OTHER","OUTSIDE A3 PRODUCTION","GENERAL / SOURCE","C:\Abay-Germes\HouseMaster\apps\web\.next\dev\server\chunks\ssr","C:\Abay-Germes\HouseMaster\apps\web\.next\dev\server\chunks\ssr\[turbopack]_runtime.js.map","120,1","24.07.2026 15:24:23"
"1e9k_next_dist_client_components_0yf71j9._.js",".js","JS","UNCLASSIFIED","OTHER","OUTSIDE A3 PRODUCTION","GENERAL / SOURCE","C:\Abay-Germes\HouseMaster\apps\web\.next\dev\server\chunks\ssr","C:\Abay-Germes\HouseMaster\apps\web\.next\dev\server\chunks\ssr\1e9k_next_dist_client_components_0yf71j9._.js","6,9","24.07.2026 15:24:23"
"1e9k_next_dist_client_components_0yf71j9._.js.map",".map","MAP","UNCLASSIFIED","OTHER","OUTSIDE A3 PRODUCTION","GENERAL / SOURCE","C:\Abay-Germes\HouseMaster\apps\web\.next\dev\server\chunks\ssr","C:\Abay-Germes\HouseMaster\apps\web\.next\dev\server\chunks\ssr\1e9k_next_dist_client_components_0yf71j9._.js.map","5","24.07.2026 15:24:23"
"1e9k_next_dist_client_components_builtin_forbidden_1ggo7-6.js",".js","JS","UNCLASSIFIED","OTHER","OUTSIDE A3 PRODUCTION","GENERAL / SOURCE","C:\Abay-Germes\HouseMaster\apps\web\.next\dev\server\chunks\ssr","C:\Abay-Germes\HouseMaster\apps\web\.next\dev\server\chunks\ssr\1e9k_next_dist_client_components_builtin_forbidden_1ggo7-6.js","2","24.07.2026 15:24:23"
"1e9k_next_dist_client_components_builtin_forbidden_1ggo7-6.js.map",".map","MAP","UNCLASSIFIED","OTHER","OUTSIDE A3 PRODUCTION","GENERAL / SOURCE","C:\Abay-Germes\HouseMaster\apps\web\.next\dev\server\chunks\ssr","C:\Abay-Germes\HouseMaster\apps\web\.next\dev\server\chunks\ssr\1e9k_next_dist_client_components_builtin_forbidden_1ggo7-6.js.map","0,8","24.07.2026 15:24:23"
"1e9k_next_dist_client_components_builtin_global-error_00sump4.js",".js","JS","UNCLASSIFIED","OTHER","OUTSIDE A3 PRODUCTION","GENERAL / SOURCE","C:\Abay-Germes\HouseMaster\apps\web\.next\dev\server\chunks\ssr","C:\Abay-Germes\HouseMaster\apps\web\.next\dev\server\chunks\ssr\1e9k_next_dist_client_components_builtin_global-error_00sump4.js","3,8","24.07.2026 15:24:23"
"1e9k_next_dist_client_components_builtin_global-error_00sump4.js.map",".map","MAP","UNCLASSIFIED","OTHER","OUTSIDE A3 PRODUCTION","GENERAL / SOURCE","C:\Abay-Germes\HouseMaster\apps\web\.next\dev\server\chunks\ssr","C:\Abay-Germes\HouseMaster\apps\web\.next\dev\server\chunks\ssr\1e9k_next_dist_client_components_builtin_global-error_00sump4.js.map","4,5","24.07.2026 15:24:23"
"1e9k_next_dist_client_components_builtin_unauthorized_0pk5k4a.js",".js","JS","UNCLASSIFIED","OTHER","OUTSIDE A3 PRODUCTION","GENERAL / SOURCE","C:\Abay-Germes\HouseMaster\apps\web\.next\dev\server\chunks\ssr","C:\Abay-Germes\HouseMaster\apps\web\.next\dev\server\chunks\ssr\1e9k_next_dist_client_components_builtin_unauthorized_0pk5k4a.js","2","24.07.2026 15:24:23"
"1e9k_next_dist_client_components_builtin_unauthorized_0pk5k4a.js.map",".map","MAP","UNCLASSIFIED","OTHER","OUTSIDE A3 PRODUCTION","GENERAL / SOURCE","C:\Abay-Germes\HouseMaster\apps\web\.next\dev\server\chunks\ssr","C:\Abay-Germes\HouseMaster\apps\web\.next\dev\server\chunks\ssr\1e9k_next_dist_client_components_builtin_unauthorized_0pk5k4a.js.map","0,8","24.07.2026 15:24:23"
"1e9k_next_dist_compiled_0undi-j._.js",".js","JS","UNCLASSIFIED","OTHER","OUTSIDE A3 PRODUCTION","GENERAL / SOURCE","C:\Abay-Germes\HouseMaster\apps\web\.next\dev\server\chunks\ssr","C:\Abay-Germes\HouseMaster\apps\web\.next\dev\server\chunks\ssr\1e9k_next_dist_compiled_0undi-j._.js","253,4","24.07.2026 15:24:23"
"1e9k_next_dist_compiled_0undi-j._.js.map",".map","MAP","UNCLASSIFIED","OTHER","OUTSIDE A3 PRODUCTION","GENERAL / SOURCE","C:\Abay-Germes\HouseMaster\apps\web\.next\dev\server\chunks\ssr","C:\Abay-Germes\HouseMaster\apps\web\.next\dev\server\chunks\ssr\1e9k_next_dist_compiled_0undi-j._.js.map","421,5","24.07.2026 15:24:23"
"1e9k_next_dist_esm_20-7non._.js",".js","JS","UNCLASSIFIED","OTHER","OUTSIDE A3 PRODUCTION","GENERAL / SOURCE","C:\Abay-Germes\HouseMaster\apps\web\.next\dev\server\chunks\ssr","C:\Abay-Germes\HouseMaster\apps\web\.next\dev\server\chunks\ssr\1e9k_next_dist_esm_20-7non._.js","1148,1","24.07.2026 15:24:23"
"1e9k_next_dist_esm_20-7non._.js.map",".map","MAP","UNCLASSIFIED","OTHER","OUTSIDE A3 PRODUCTION","GENERAL / SOURCE","C:\Abay-Germes\HouseMaster\apps\web\.next\dev\server\chunks\ssr","C:\Abay-Germes\HouseMaster\apps\web\.next\dev\server\chunks\ssr\1e9k_next_dist_esm_20-7non._.js.map","1254,3","24.07.2026 15:24:23"
"1e9k_next_dist_server_route-modules_app-page_1dd38p7._.js",".js","JS","UNCLASSIFIED","OTHER","OUTSIDE A3 PRODUCTION","GENERAL / SOURCE","C:\Abay-Germes\HouseMaster\apps\web\.next\dev\server\chunks\ssr","C:\Abay-Germes\HouseMaster\apps\web\.next\dev\server\chunks\ssr\1e9k_next_dist_server_route-modules_app-page_1dd38p7._.js","3,6","24.07.2026 15:24:23"
"1e9k_next_dist_server_route-modules_app-page_1dd38p7._.js.map",".map","MAP","UNCLASSIFIED","OTHER","OUTSIDE A3 PRODUCTION","GENERAL / SOURCE","C:\Abay-Germes\HouseMaster\apps\web\.next\dev\server\chunks\ssr","C:\Abay-Germes\HouseMaster\apps\web\.next\dev\server\chunks\ssr\1e9k_next_dist_server_route-modules_app-page_1dd38p7._.js.map","5,1","24.07.2026 15:24:23"
"apps_web__next-internal_server_app_login_page_actions_1cgde9j.js",".js","JS","UNCLASSIFIED","OTHER","OUTSIDE A3 PRODUCTION","GENERAL / SOURCE","C:\Abay-Germes\HouseMaster\apps\web\.next\dev\server\chunks\ssr","C:\Abay-Germes\HouseMaster\apps\web\.next\dev\server\chunks\ssr\apps_web__next-internal_server_app_login_page_actions_1cgde9j.js","0,3","24.07.2026 15:24:23"
"apps_web__next-internal_server_app_login_page_actions_1cgde9j.js.map",".map","MAP","UNCLASSIFIED","OTHER","OUTSIDE A3 PRODUCTION","GENERAL / SOURCE","C:\Abay-Germes\HouseMaster\apps\web\.next\dev\server\chunks\ssr","C:\Abay-Germes\HouseMaster\apps\web\.next\dev\server\chunks\ssr\apps_web__next-internal_server_app_login_page_actions_1cgde9j.js.map","0,2","24.07.2026 15:24:23"
"apps_web_src_app_login_page_tsx_0dez73g._.js",".js","JS","UNCLASSIFIED","OTHER","OUTSIDE A3 PRODUCTION","GENERAL / SOURCE","C:\Abay-Germes\HouseMaster\apps\web\.next\dev\server\chunks\ssr","C:\Abay-Germes\HouseMaster\apps\web\.next\dev\server\chunks\ssr\apps_web_src_app_login_page_tsx_0dez73g._.js","13,8","24.07.2026 15:24:23"
"apps_web_src_app_login_page_tsx_0dez73g._.js.map",".map","MAP","UNCLASSIFIED","OTHER","OUTSIDE A3 PRODUCTION","GENERAL / SOURCE","C:\Abay-Germes\HouseMaster\apps\web\.next\dev\server\chunks\ssr","C:\Abay-Germes\HouseMaster\apps\web\.next\dev\server\chunks\ssr\apps_web_src_app_login_page_tsx_0dez73g._.js.map","4,7","24.07.2026 15:24:23"
"node_modules__pnpm_0eauu12._.js",".js","JS","UNCLASSIFIED","OTHER","OUTSIDE A3 PRODUCTION","GENERAL / SOURCE","C:\Abay-Germes\HouseMaster\apps\web\.next\dev\server\chunks\ssr","C:\Abay-Germes\HouseMaster\apps\web\.next\dev\server\chunks\ssr\node_modules__pnpm_0eauu12._.js","1150,5","24.07.2026 15:30:45"
"node_modules__pnpm_0eauu12._.js.map",".map","MAP","UNCLASSIFIED","OTHER","OUTSIDE A3 PRODUCTION","GENERAL / SOURCE","C:\Abay-Germes\HouseMaster\apps\web\.next\dev\server\chunks\ssr","C:\Abay-Germes\HouseMaster\apps\web\.next\dev\server\chunks\ssr\node_modules__pnpm_0eauu12._.js.map","1307,2","24.07.2026 15:30:45"
"node_modules__pnpm_0juuhxd._.js",".js","JS","UNCLASSIFIED","OTHER","OUTSIDE A3 PRODUCTION","GENERAL / SOURCE","C:\Abay-Germes\HouseMaster\apps\web\.next\dev\server\chunks\ssr","C:\Abay-Germes\HouseMaster\apps\web\.next\dev\server\chunks\ssr\node_modules__pnpm_0juuhxd._.js","13,3","24.07.2026 15:24:23"
"node_modules__pnpm_0juuhxd._.js.map",".map","MAP","UNCLASSIFIED","OTHER","OUTSIDE A3 PRODUCTION","GENERAL / SOURCE","C:\Abay-Germes\HouseMaster\apps\web\.next\dev\server\chunks\ssr","C:\Abay-Germes\HouseMaster\apps\web\.next\dev\server\chunks\ssr\node_modules__pnpm_0juuhxd._.js.map","12,2","24.07.2026 15:24:23"
"node_modules__pnpm_0rvug69._.js",".js","JS","UNCLASSIFIED","OTHER","OUTSIDE A3 PRODUCTION","GENERAL / SOURCE","C:\Abay-Germes\HouseMaster\apps\web\.next\dev\server\chunks\ssr","C:\Abay-Germes\HouseMaster\apps\web\.next\dev\server\chunks\ssr\node_modules__pnpm_0rvug69._.js","1151,4","24.07.2026 15:24:23"
"node_modules__pnpm_0rvug69._.js.map",".map","MAP","UNCLASSIFIED","OTHER","OUTSIDE A3 PRODUCTION","GENERAL / SOURCE","C:\Abay-Germes\HouseMaster\apps\web\.next\dev\server\chunks\ssr","C:\Abay-Germes\HouseMaster\apps\web\.next\dev\server\chunks\ssr\node_modules__pnpm_0rvug69._.js.map","1251","24.07.2026 15:24:23"
"node_modules__pnpm_0xxi058._.js",".js","JS","UNCLASSIFIED","OTHER","OUTSIDE A3 PRODUCTION","GENERAL / SOURCE","C:\Abay-Germes\HouseMaster\apps\web\.next\dev\server\chunks\ssr","C:\Abay-Germes\HouseMaster\apps\web\.next\dev\server\chunks\ssr\node_modules__pnpm_0xxi058._.js","355,3","24.07.2026 15:24:23"
"node_modules__pnpm_0xxi058._.js.map",".map","MAP","UNCLASSIFIED","OTHER","OUTSIDE A3 PRODUCTION","GENERAL / SOURCE","C:\Abay-Germes\HouseMaster\apps\web\.next\dev\server\chunks\ssr","C:\Abay-Germes\HouseMaster\apps\web\.next\dev\server\chunks\ssr\node_modules__pnpm_0xxi058._.js.map","386,8","24.07.2026 15:24:23"
"node_modules__pnpm_1kndsak._.js",".js","JS","UNCLASSIFIED","OTHER","OUTSIDE A3 PRODUCTION","GENERAL / SOURCE","C:\Abay-Germes\HouseMaster\apps\web\.next\dev\server\chunks\ssr","C:\Abay-Germes\HouseMaster\apps\web\.next\dev\server\chunks\ssr\node_modules__pnpm_1kndsak._.js","138,5","24.07.2026 15:30:45"
"node_modules__pnpm_1kndsak._.js.map",".map","MAP","UNCLASSIFIED","OTHER","OUTSIDE A3 PRODUCTION","GENERAL / SOURCE","C:\Abay-Germes\HouseMaster\apps\web\.next\dev\server\chunks\ssr","C:\Abay-Germes\HouseMaster\apps\web\.next\dev\server\chunks\ssr\node_modules__pnpm_1kndsak._.js.map","175,2","24.07.2026 15:30:45"
"node_modules__pnpm_1mjm3bh._.js",".js","JS","UNCLASSIFIED","OTHER","OUTSIDE A3 PRODUCTION","GENERAL / SOURCE","C:\Abay-Germes\HouseMaster\apps\web\.next\dev\server\chunks\ssr","C:\Abay-Germes\HouseMaster\apps\web\.next\dev\server\chunks\ssr\node_modules__pnpm_1mjm3bh._.js","331,3","24.07.2026 15:28:42"
"node_modules__pnpm_1mjm3bh._.js.map",".map","MAP","UNCLASSIFIED","OTHER","OUTSIDE A3 PRODUCTION","GENERAL / SOURCE","C:\Abay-Germes\HouseMaster\apps\web\.next\dev\server\chunks\ssr","C:\Abay-Germes\HouseMaster\apps\web\.next\dev\server\chunks\ssr\node_modules__pnpm_1mjm3bh._.js.map","358,5","24.07.2026 15:28:42"
"node_modules__pnpm_20c_bsx._.js",".js","JS","UNCLASSIFIED","OTHER","OUTSIDE A3 PRODUCTION","GENERAL / SOURCE","C:\Abay-Germes\HouseMaster\apps\web\.next\dev\server\chunks\ssr","C:\Abay-Germes\HouseMaster\apps\web\.next\dev\server\chunks\ssr\node_modules__pnpm_20c_bsx._.js","134,4","24.07.2026 15:24:23"
"node_modules__pnpm_20c_bsx._.js.map",".map","MAP","UNCLASSIFIED","OTHER","OUTSIDE A3 PRODUCTION","GENERAL / SOURCE","C:\Abay-Germes\HouseMaster\apps\web\.next\dev\server\chunks\ssr","C:\Abay-Germes\HouseMaster\apps\web\.next\dev\server\chunks\ssr\node_modules__pnpm_20c_bsx._.js.map","169,3","24.07.2026 15:24:23"
"[root-of-the-server]__00_1rcq._.js",".js","JS","UNCLASSIFIED","OTHER","OUTSIDE A3 PRODUCTION","GENERAL / SOURCE","C:\Abay-Germes\HouseMaster\apps\web\.next\dev\server\edge\chunks","C:\Abay-Germes\HouseMaster\apps\web\.next\dev\server\edge\chunks\[root-of-the-server]__00_1rcq._.js","9,7","24.07.2026 15:12:10"
"[root-of-the-server]__00_1rcq._.js.map",".map","MAP","UNCLASSIFIED","OTHER","OUTSIDE A3 PRODUCTION","GENERAL / SOURCE","C:\Abay-Germes\HouseMaster\apps\web\.next\dev\server\edge\chunks","C:\Abay-Germes\HouseMaster\apps\web\.next\dev\server\edge\chunks\[root-of-the-server]__00_1rcq._.js.map","7,3","24.07.2026 15:12:10"
"046i_next_dist_esm_build_templates_edge-wrapper_01kqxs0.js",".js","JS","UNCLASSIFIED","OTHER","OUTSIDE A3 PRODUCTION","GENERAL / SOURCE","C:\Abay-Germes\HouseMaster\apps\web\.next\dev\server\edge\chunks","C:\Abay-Germes\HouseMaster\apps\web\.next\dev\server\edge\chunks\046i_next_dist_esm_build_templates_edge-wrapper_01kqxs0.js","83,4","24.07.2026 15:12:10"
"0u62_jose_dist_webapi_1z9c_zr._.js",".js","JS","UNCLASSIFIED","OTHER","OUTSIDE A3 PRODUCTION","GENERAL / SOURCE","C:\Abay-Germes\HouseMaster\apps\web\.next\dev\server\edge\chunks","C:\Abay-Germes\HouseMaster\apps\web\.next\dev\server\edge\chunks\0u62_jose_dist_webapi_1z9c_zr._.js","213,5","24.07.2026 15:12:10"
"0u62_jose_dist_webapi_1z9c_zr._.js.map",".map","MAP","UNCLASSIFIED","OTHER","OUTSIDE A3 PRODUCTION","GENERAL / SOURCE","C:\Abay-Germes\HouseMaster\apps\web\.next\dev\server\edge\chunks","C:\Abay-Germes\HouseMaster\apps\web\.next\dev\server\edge\chunks\0u62_jose_dist_webapi_1z9c_zr._.js.map","186,2","24.07.2026 15:12:10"
"0zhm_@auth_core_1fm3j1n._.js",".js","JS","UNCLASSIFIED","OTHER","OUTSIDE A3 PRODUCTION","GENERAL / SOURCE","C:\Abay-Germes\HouseMaster\apps\web\.next\dev\server\edge\chunks","C:\Abay-Germes\HouseMaster\apps\web\.next\dev\server\edge\chunks\0zhm_@auth_core_1fm3j1n._.js","302,6","24.07.2026 15:12:10"
"0zhm_@auth_core_1fm3j1n._.js.map",".map","MAP","UNCLASSIFIED","OTHER","OUTSIDE A3 PRODUCTION","GENERAL / SOURCE","C:\Abay-Germes\HouseMaster\apps\web\.next\dev\server\edge\chunks","C:\Abay-Germes\HouseMaster\apps\web\.next\dev\server\edge\chunks\0zhm_@auth_core_1fm3j1n._.js.map","331,8","24.07.2026 15:12:10"
"1e9k_next_dist_1znf_d9._.js",".js","JS","UNCLASSIFIED","OTHER","OUTSIDE A3 PRODUCTION","GENERAL / SOURCE","C:\Abay-Germes\HouseMaster\apps\web\.next\dev\server\edge\chunks","C:\Abay-Germes\HouseMaster\apps\web\.next\dev\server\edge\chunks\1e9k_next_dist_1znf_d9._.js","1171,3","24.07.2026 15:12:10"
"1e9k_next_dist_1znf_d9._.js.map",".map","MAP","UNCLASSIFIED","OTHER","OUTSIDE A3 PRODUCTION","GENERAL / SOURCE","C:\Abay-Germes\HouseMaster\apps\web\.next\dev\server\edge\chunks","C:\Abay-Germes\HouseMaster\apps\web\.next\dev\server\edge\chunks\1e9k_next_dist_1znf_d9._.js.map","1247,2","24.07.2026 15:12:10"
"1e9k_next_dist_esm_build_templates_edge-wrapper_01kqxs0.js.map",".map","MAP","UNCLASSIFIED","OTHER","OUTSIDE A3 PRODUCTION","GENERAL / SOURCE","C:\Abay-Germes\HouseMaster\apps\web\.next\dev\server\edge\chunks","C:\Abay-Germes\HouseMaster\apps\web\.next\dev\server\edge\chunks\1e9k_next_dist_esm_build_templates_edge-wrapper_01kqxs0.js.map","145,9","24.07.2026 15:12:10"
"node_modules__pnpm_18e-xxa._.js",".js","JS","UNCLASSIFIED","OTHER","OUTSIDE A3 PRODUCTION","GENERAL / SOURCE","C:\Abay-Germes\HouseMaster\apps\web\.next\dev\server\edge\chunks","C:\Abay-Germes\HouseMaster\apps\web\.next\dev\server\edge\chunks\node_modules__pnpm_18e-xxa._.js","192,2","24.07.2026 15:12:10"
"node_modules__pnpm_18e-xxa._.js.map",".map","MAP","UNCLASSIFIED","OTHER","OUTSIDE A3 PRODUCTION","GENERAL / SOURCE","C:\Abay-Germes\HouseMaster\apps\web\.next\dev\server\edge\chunks","C:\Abay-Germes\HouseMaster\apps\web\.next\dev\server\edge\chunks\node_modules__pnpm_18e-xxa._.js.map","269,4","24.07.2026 15:12:10"
"interception-route-rewrite-manifest.js",".js","JS","UNCLASSIFIED","OTHER","OUTSIDE A3 PRODUCTION","GENERAL / SOURCE","C:\Abay-Germes\HouseMaster\apps\web\.next\dev\server","C:\Abay-Germes\HouseMaster\apps\web\.next\dev\server\interception-route-rewrite-manifest.js","0","01.08.2026 14:45:42"
"middleware.js",".js","JS","UNCLASSIFIED","OTHER","OUTSIDE A3 PRODUCTION","GENERAL / SOURCE","C:\Abay-Germes\HouseMaster\apps\web\.next\dev\server","C:\Abay-Germes\HouseMaster\apps\web\.next\dev\server\middleware.js","0,9","01.08.2026 14:45:42"
"middleware.js.map",".map","MAP","UNCLASSIFIED","OTHER","OUTSIDE A3 PRODUCTION","GENERAL / SOURCE","C:\Abay-Germes\HouseMaster\apps\web\.next\dev\server","C:\Abay-Germes\HouseMaster\apps\web\.next\dev\server\middleware.js.map","0,1","01.08.2026 14:45:42"
"middleware-manifest.json",".json","JSON","UNCLASSIFIED","OTHER","OUTSIDE A3 PRODUCTION","GENERAL / SOURCE","C:\Abay-Germes\HouseMaster\apps\web\.next\dev\server\middleware","C:\Abay-Germes\HouseMaster\apps\web\.next\dev\server\middleware\middleware-manifest.json","0,1","01.08.2026 14:45:42"
"middleware-build-manifest.js",".js","JS","UNCLASSIFIED","OTHER","OUTSIDE A3 PRODUCTION","GENERAL / SOURCE","C:\Abay-Germes\HouseMaster\apps\web\.next\dev\server","C:\Abay-Germes\HouseMaster\apps\web\.next\dev\server\middleware-build-manifest.js","0,3","01.08.2026 14:45:42"
"middleware-manifest.json",".json","JSON","UNCLASSIFIED","OTHER","OUTSIDE A3 PRODUCTION","GENERAL / SOURCE","C:\Abay-Germes\HouseMaster\apps\web\.next\dev\server","C:\Abay-Germes\HouseMaster\apps\web\.next\dev\server\middleware-manifest.json","0,1","01.08.2026 14:45:42"
"next-font-manifest.js",".js","JS","UNCLASSIFIED","OTHER","OUTSIDE A3 PRODUCTION","GENERAL / SOURCE","C:\Abay-Germes\HouseMaster\apps\web\.next\dev\server","C:\Abay-Germes\HouseMaster\apps\web\.next\dev\server\next-font-manifest.js","0,1","01.08.2026 14:45:42"
"next-font-manifest.json",".json","JSON","UNCLASSIFIED","OTHER","OUTSIDE A3 PRODUCTION","GENERAL / SOURCE","C:\Abay-Germes\HouseMaster\apps\web\.next\dev\server","C:\Abay-Germes\HouseMaster\apps\web\.next\dev\server\next-font-manifest.json","0,1","01.08.2026 14:45:42"
"pages-manifest.json",".json","JSON","UNCLASSIFIED","OTHER","OUTSIDE A3 PRODUCTION","GENERAL / SOURCE","C:\Abay-Germes\HouseMaster\apps\web\.next\dev\server","C:\Abay-Germes\HouseMaster\apps\web\.next\dev\server\pages-manifest.json","0","01.08.2026 14:45:42"
"server-reference-manifest.js",".js","JS","UNCLASSIFIED","OTHER","OUTSIDE A3 PRODUCTION","GENERAL / SOURCE","C:\Abay-Germes\HouseMaster\apps\web\.next\dev\server","C:\Abay-Germes\HouseMaster\apps\web\.next\dev\server\server-reference-manifest.js","0,1","01.08.2026 14:45:42"
"server-reference-manifest.json",".json","JSON","UNCLASSIFIED","OTHER","OUTSIDE A3 PRODUCTION","GENERAL / SOURCE","C:\Abay-Germes\HouseMaster\apps\web\.next\dev\server","C:\Abay-Germes\HouseMaster\apps\web\.next\dev\server\server-reference-manifest.json","0,1","01.08.2026 14:45:42"
"[next]_internal_font_google_geist_a71539c9_module_css_1igg3k2._.single.css",".css","CSS","UNCLASSIFIED","OTHER","OUTSIDE A3 PRODUCTION","GENERAL / SOURCE","C:\Abay-Germes\HouseMaster\apps\web\.next\dev\static\chunks","C:\Abay-Germes\HouseMaster\apps\web\.next\dev\static\chunks\[next]_internal_font_google_geist_a71539c9_module_css_1igg3k2._.single.css","2,1","24.07.2026 15:24:23"
"[next]_internal_font_google_geist_a71539c9_module_css_1igg3k2._.single.css.map",".map","MAP","UNCLASSIFIED","OTHER","OUTSIDE A3 PRODUCTION","GENERAL / SOURCE","C:\Abay-Germes\HouseMaster\apps\web\.next\dev\static\chunks","C:\Abay-Germes\HouseMaster\apps\web\.next\dev\static\chunks\[next]_internal_font_google_geist_a71539c9_module_css_1igg3k2._.single.css.map","3,1","24.07.2026 15:24:23"
"[next]_internal_font_google_geist_mono_8d43a2aa_module_css_1igg3k2._.single.css",".css","CSS","UNCLASSIFIED","OTHER","OUTSIDE A3 PRODUCTION","GENERAL / SOURCE","C:\Abay-Germes\HouseMaster\apps\web\.next\dev\static\chunks","C:\Abay-Germes\HouseMaster\apps\web\.next\dev\static\chunks\[next]_internal_font_google_geist_mono_8d43a2aa_module_css_1igg3k2._.single.css","2,4","24.07.2026 15:24:23"
"[next]_internal_font_google_geist_mono_8d43a2aa_module_css_1igg3k2._.single.css.map",".map","MAP","UNCLASSIFIED","OTHER","OUTSIDE A3 PRODUCTION","GENERAL / SOURCE","C:\Abay-Germes\HouseMaster\apps\web\.next\dev\static\chunks","C:\Abay-Germes\HouseMaster\apps\web\.next\dev\static\chunks\[next]_internal_font_google_geist_mono_8d43a2aa_module_css_1igg3k2._.single.css.map","3,6","24.07.2026 15:24:23"
"[root-of-the-server]__0rt9nip._.css",".css","CSS","UNCLASSIFIED","OTHER","OUTSIDE A3 PRODUCTION","GENERAL / SOURCE","C:\Abay-Germes\HouseMaster\apps\web\.next\dev\static\chunks","C:\Abay-Germes\HouseMaster\apps\web\.next\dev\static\chunks\[root-of-the-server]__0rt9nip._.css","19,5","24.07.2026 15:24:23"
"[root-of-the-server]__0rt9nip._.css.map",".map","MAP","UNCLASSIFIED","OTHER","OUTSIDE A3 PRODUCTION","GENERAL / SOURCE","C:\Abay-Germes\HouseMaster\apps\web\.next\dev\static\chunks","C:\Abay-Germes\HouseMaster\apps\web\.next\dev\static\chunks\[root-of-the-server]__0rt9nip._.css.map","22,7","24.07.2026 15:24:23"
"[turbopack]_browser_dev_hmr-client_hmr-client_ts_0gmdcb4._.js",".js","JS","UNCLASSIFIED","OTHER","OUTSIDE A3 PRODUCTION","GENERAL / SOURCE","C:\Abay-Germes\HouseMaster\apps\web\.next\dev\static\chunks","C:\Abay-Germes\HouseMaster\apps\web\.next\dev\static\chunks\[turbopack]_browser_dev_hmr-client_hmr-client_ts_0gmdcb4._.js","0,3","24.07.2026 15:24:23"
"[turbopack]_browser_dev_hmr-client_hmr-client_ts_0gvagl_._.js",".js","JS","UNCLASSIFIED","OTHER","OUTSIDE A3 PRODUCTION","GENERAL / SOURCE","C:\Abay-Germes\HouseMaster\apps\web\.next\dev\static\chunks","C:\Abay-Germes\HouseMaster\apps\web\.next\dev\static\chunks\[turbopack]_browser_dev_hmr-client_hmr-client_ts_0gvagl_._.js","0,7","24.07.2026 15:24:23"
"[turbopack]_browser_dev_hmr-client_hmr-client_ts_0gvagl_._.js.map",".map","MAP","UNCLASSIFIED","OTHER","OUTSIDE A3 PRODUCTION","GENERAL / SOURCE","C:\Abay-Germes\HouseMaster\apps\web\.next\dev\static\chunks","C:\Abay-Germes\HouseMaster\apps\web\.next\dev\static\chunks\[turbopack]_browser_dev_hmr-client_hmr-client_ts_0gvagl_._.js.map","0,1","24.07.2026 15:24:23"
"[turbopack]_browser_dev_hmr-client_hmr-client_ts_1mojsay._.js",".js","JS","UNCLASSIFIED","OTHER","OUTSIDE A3 PRODUCTION","GENERAL / SOURCE","C:\Abay-Germes\HouseMaster\apps\web\.next\dev\static\chunks","C:\Abay-Germes\HouseMaster\apps\web\.next\dev\static\chunks\[turbopack]_browser_dev_hmr-client_hmr-client_ts_1mojsay._.js","15,2","24.07.2026 15:24:23"
"[turbopack]_browser_dev_hmr-client_hmr-client_ts_1mojsay._.js.map",".map","MAP","UNCLASSIFIED","OTHER","OUTSIDE A3 PRODUCTION","GENERAL / SOURCE","C:\Abay-Germes\HouseMaster\apps\web\.next\dev\static\chunks","C:\Abay-Germes\HouseMaster\apps\web\.next\dev\static\chunks\[turbopack]_browser_dev_hmr-client_hmr-client_ts_1mojsay._.js.map","26,9","24.07.2026 15:24:23"
"_05w_gwh._.js",".js","JS","UNCLASSIFIED","OTHER","OUTSIDE A3 PRODUCTION","GENERAL / SOURCE","C:\Abay-Germes\HouseMaster\apps\web\.next\dev\static\chunks","C:\Abay-Germes\HouseMaster\apps\web\.next\dev\static\chunks\_05w_gwh._.js","28","24.07.2026 15:24:23"
"_05w_gwh._.js.map",".map","MAP","UNCLASSIFIED","OTHER","OUTSIDE A3 PRODUCTION","GENERAL / SOURCE","C:\Abay-Germes\HouseMaster\apps\web\.next\dev\static\chunks","C:\Abay-Germes\HouseMaster\apps\web\.next\dev\static\chunks\_05w_gwh._.js.map","26,8","24.07.2026 15:24:23"
"0vvp_@swc_helpers_cjs_0vb02wp._.js",".js","JS","UNCLASSIFIED","OTHER","OUTSIDE A3 PRODUCTION","GENERAL / SOURCE","C:\Abay-Germes\HouseMaster\apps\web\.next\dev\static\chunks","C:\Abay-Germes\HouseMaster\apps\web\.next\dev\static\chunks\0vvp_@swc_helpers_cjs_0vb02wp._.js","2","24.07.2026 15:24:23"
"0vvp_@swc_helpers_cjs_0vb02wp._.js.map",".map","MAP","UNCLASSIFIED","OTHER","OUTSIDE A3 PRODUCTION","GENERAL / SOURCE","C:\Abay-Germes\HouseMaster\apps\web\.next\dev\static\chunks","C:\Abay-Germes\HouseMaster\apps\web\.next\dev\static\chunks\0vvp_@swc_helpers_cjs_0vb02wp._.js.map","3,5","24.07.2026 15:24:23"
"1e9k_next_dist_0_-eu97._.js",".js","JS","UNCLASSIFIED","OTHER","OUTSIDE A3 PRODUCTION","GENERAL / SOURCE","C:\Abay-Germes\HouseMaster\apps\web\.next\dev\static\chunks","C:\Abay-Germes\HouseMaster\apps\web\.next\dev\static\chunks\1e9k_next_dist_0_-eu97._.js","141,4","24.07.2026 15:30:45"
"1e9k_next_dist_0_-eu97._.js.map",".map","MAP","UNCLASSIFIED","OTHER","OUTSIDE A3 PRODUCTION","GENERAL / SOURCE","C:\Abay-Germes\HouseMaster\apps\web\.next\dev\static\chunks","C:\Abay-Germes\HouseMaster\apps\web\.next\dev\static\chunks\1e9k_next_dist_0_-eu97._.js.map","169,4","24.07.2026 15:30:45"
"1e9k_next_dist_1f2ygab._.js",".js","JS","UNCLASSIFIED","OTHER","OUTSIDE A3 PRODUCTION","GENERAL / SOURCE","C:\Abay-Germes\HouseMaster\apps\web\.next\dev\static\chunks","C:\Abay-Germes\HouseMaster\apps\web\.next\dev\static\chunks\1e9k_next_dist_1f2ygab._.js","258,2","24.07.2026 15:24:23"
"1e9k_next_dist_1f2ygab._.js.map",".map","MAP","UNCLASSIFIED","OTHER","OUTSIDE A3 PRODUCTION","GENERAL / SOURCE","C:\Abay-Germes\HouseMaster\apps\web\.next\dev\static\chunks","C:\Abay-Germes\HouseMaster\apps\web\.next\dev\static\chunks\1e9k_next_dist_1f2ygab._.js.map","347,8","24.07.2026 15:24:23"
"1e9k_next_dist_build_polyfills_polyfill-nomodule.js",".js","JS","UNCLASSIFIED","OTHER","OUTSIDE A3 PRODUCTION","GENERAL / SOURCE","C:\Abay-Germes\HouseMaster\apps\web\.next\dev\static\chunks","C:\Abay-Germes\HouseMaster\apps\web\.next\dev\static\chunks\1e9k_next_dist_build_polyfills_polyfill-nomodule.js","110","24.07.2026 15:24:23"
"1e9k_next_dist_build_polyfills_polyfill-nomodule.js.map",".map","MAP","UNCLASSIFIED","OTHER","OUTSIDE A3 PRODUCTION","GENERAL / SOURCE","C:\Abay-Germes\HouseMaster\apps\web\.next\dev\static\chunks","C:\Abay-Germes\HouseMaster\apps\web\.next\dev\static\chunks\1e9k_next_dist_build_polyfills_polyfill-nomodule.js.map","113,1","24.07.2026 15:24:23"
"1e9k_next_dist_client_00nsnp1._.js",".js","JS","UNCLASSIFIED","OTHER","OUTSIDE A3 PRODUCTION","GENERAL / SOURCE","C:\Abay-Germes\HouseMaster\apps\web\.next\dev\static\chunks","C:\Abay-Germes\HouseMaster\apps\web\.next\dev\static\chunks\1e9k_next_dist_client_00nsnp1._.js","776,7","24.07.2026 15:24:23"
"1e9k_next_dist_client_00nsnp1._.js.map",".map","MAP","UNCLASSIFIED","OTHER","OUTSIDE A3 PRODUCTION","GENERAL / SOURCE","C:\Abay-Germes\HouseMaster\apps\web\.next\dev\static\chunks","C:\Abay-Germes\HouseMaster\apps\web\.next\dev\static\chunks\1e9k_next_dist_client_00nsnp1._.js.map","1043,3","24.07.2026 15:24:23"
"1e9k_next_dist_client_components_builtin_global-error_1x4vrfc.js",".js","JS","UNCLASSIFIED","OTHER","OUTSIDE A3 PRODUCTION","GENERAL / SOURCE","C:\Abay-Germes\HouseMaster\apps\web\.next\dev\static\chunks","C:\Abay-Germes\HouseMaster\apps\web\.next\dev\static\chunks\1e9k_next_dist_client_components_builtin_global-error_1x4vrfc.js","0,2","24.07.2026 15:24:23"
"1e9k_next_dist_compiled_13fjdbf._.js",".js","JS","UNCLASSIFIED","OTHER","OUTSIDE A3 PRODUCTION","GENERAL / SOURCE","C:\Abay-Germes\HouseMaster\apps\web\.next\dev\static\chunks","C:\Abay-Germes\HouseMaster\apps\web\.next\dev\static\chunks\1e9k_next_dist_compiled_13fjdbf._.js","144,6","24.07.2026 15:24:23"
"1e9k_next_dist_compiled_13fjdbf._.js.map",".map","MAP","UNCLASSIFIED","OTHER","OUTSIDE A3 PRODUCTION","GENERAL / SOURCE","C:\Abay-Germes\HouseMaster\apps\web\.next\dev\static\chunks","C:\Abay-Germes\HouseMaster\apps\web\.next\dev\static\chunks\1e9k_next_dist_compiled_13fjdbf._.js.map","197","24.07.2026 15:24:23"
"1e9k_next_dist_compiled_next-devtools_index_1jkb7_k.js",".js","JS","UNCLASSIFIED","OTHER","OUTSIDE A3 PRODUCTION","GENERAL / SOURCE","C:\Abay-Germes\HouseMaster\apps\web\.next\dev\static\chunks","C:\Abay-Germes\HouseMaster\apps\web\.next\dev\static\chunks\1e9k_next_dist_compiled_next-devtools_index_1jkb7_k.js","729,2","24.07.2026 15:24:23"
"1e9k_next_dist_compiled_next-devtools_index_1jkb7_k.js.map",".map","MAP","UNCLASSIFIED","OTHER","OUTSIDE A3 PRODUCTION","GENERAL / SOURCE","C:\Abay-Germes\HouseMaster\apps\web\.next\dev\static\chunks","C:\Abay-Germes\HouseMaster\apps\web\.next\dev\static\chunks\1e9k_next_dist_compiled_next-devtools_index_1jkb7_k.js.map","2560,8","24.07.2026 15:24:23"
"1e9k_next_dist_compiled_react-dom_002ng26._.js",".js","JS","UNCLASSIFIED","OTHER","OUTSIDE A3 PRODUCTION","GENERAL / SOURCE","C:\Abay-Germes\HouseMaster\apps\web\.next\dev\static\chunks","C:\Abay-Germes\HouseMaster\apps\web\.next\dev\static\chunks\1e9k_next_dist_compiled_react-dom_002ng26._.js","1035","24.07.2026 15:24:23"
"1e9k_next_dist_compiled_react-dom_002ng26._.js.map",".map","MAP","UNCLASSIFIED","OTHER","OUTSIDE A3 PRODUCTION","GENERAL / SOURCE","C:\Abay-Germes\HouseMaster\apps\web\.next\dev\static\chunks","C:\Abay-Germes\HouseMaster\apps\web\.next\dev\static\chunks\1e9k_next_dist_compiled_react-dom_002ng26._.js.map","1820,7","24.07.2026 15:24:23"
"1e9k_next_dist_compiled_react-server-dom-turbopack_1f8e3pv._.js",".js","JS","UNCLASSIFIED","OTHER","OUTSIDE A3 PRODUCTION","GENERAL / SOURCE","C:\Abay-Germes\HouseMaster\apps\web\.next\dev\static\chunks","C:\Abay-Germes\HouseMaster\apps\web\.next\dev\static\chunks\1e9k_next_dist_compiled_react-server-dom-turbopack_1f8e3pv._.js","171,5","24.07.2026 15:24:23"
"1e9k_next_dist_compiled_react-server-dom-turbopack_1f8e3pv._.js.map",".map","MAP","UNCLASSIFIED","OTHER","OUTSIDE A3 PRODUCTION","GENERAL / SOURCE","C:\Abay-Germes\HouseMaster\apps\web\.next\dev\static\chunks","C:\Abay-Germes\HouseMaster\apps\web\.next\dev\static\chunks\1e9k_next_dist_compiled_react-server-dom-turbopack_1f8e3pv._.js.map","308,1","24.07.2026 15:24:23"
"apps_web_1anvha4._.js",".js","JS","UNCLASSIFIED","OTHER","OUTSIDE A3 PRODUCTION","GENERAL / SOURCE","C:\Abay-Germes\HouseMaster\apps\web\.next\dev\static\chunks","C:\Abay-Germes\HouseMaster\apps\web\.next\dev\static\chunks\apps_web_1anvha4._.js","0,7","24.07.2026 15:24:23"
"apps_web_1bc77ad._.js.map",".map","MAP","UNCLASSIFIED","OTHER","OUTSIDE A3 PRODUCTION","GENERAL / SOURCE","C:\Abay-Germes\HouseMaster\apps\web\.next\dev\static\chunks","C:\Abay-Germes\HouseMaster\apps\web\.next\dev\static\chunks\apps_web_1bc77ad._.js.map","155,5","24.07.2026 15:24:23"
"apps_web_src_app_admin_page_tsx_1x4vrfc._.js",".js","JS","UNCLASSIFIED","OTHER","OUTSIDE A3 PRODUCTION","GENERAL / SOURCE","C:\Abay-Germes\HouseMaster\apps\web\.next\dev\static\chunks","C:\Abay-Germes\HouseMaster\apps\web\.next\dev\static\chunks\apps_web_src_app_admin_page_tsx_1x4vrfc._.js","0,2","24.07.2026 15:28:42"
"apps_web_src_app_globals_css_1igg3k2._.single.css",".css","CSS","UNCLASSIFIED","OTHER","OUTSIDE A3 PRODUCTION","GENERAL / SOURCE","C:\Abay-Germes\HouseMaster\apps\web\.next\dev\static\chunks","C:\Abay-Germes\HouseMaster\apps\web\.next\dev\static\chunks\apps_web_src_app_globals_css_1igg3k2._.single.css","15,2","24.07.2026 15:24:23"
"apps_web_src_app_globals_css_1igg3k2._.single.css.map",".map","MAP","UNCLASSIFIED","OTHER","OUTSIDE A3 PRODUCTION","GENERAL / SOURCE","C:\Abay-Germes\HouseMaster\apps\web\.next\dev\static\chunks","C:\Abay-Germes\HouseMaster\apps\web\.next\dev\static\chunks\apps_web_src_app_globals_css_1igg3k2._.single.css.map","16,1","24.07.2026 15:24:23"
"apps_web_src_app_layout_tsx_1k8vzcy._.js",".js","JS","UNCLASSIFIED","OTHER","OUTSIDE A3 PRODUCTION","GENERAL / SOURCE","C:\Abay-Germes\HouseMaster\apps\web\.next\dev\static\chunks","C:\Abay-Germes\HouseMaster\apps\web\.next\dev\static\chunks\apps_web_src_app_layout_tsx_1k8vzcy._.js","0,3","24.07.2026 15:24:23"
"apps_web_src_app_login_page_tsx_1x4vrfc._.js",".js","JS","UNCLASSIFIED","OTHER","OUTSIDE A3 PRODUCTION","GENERAL / SOURCE","C:\Abay-Germes\HouseMaster\apps\web\.next\dev\static\chunks","C:\Abay-Germes\HouseMaster\apps\web\.next\dev\static\chunks\apps_web_src_app_login_page_tsx_1x4vrfc._.js","0,2","24.07.2026 15:24:23"
"node_modules__pnpm_1acoap4._.js",".js","JS","UNCLASSIFIED","OTHER","OUTSIDE A3 PRODUCTION","GENERAL / SOURCE","C:\Abay-Germes\HouseMaster\apps\web\.next\dev\static\chunks","C:\Abay-Germes\HouseMaster\apps\web\.next\dev\static\chunks\node_modules__pnpm_1acoap4._.js","254","24.07.2026 15:24:23"
"node_modules__pnpm_1acoap4._.js.map",".map","MAP","UNCLASSIFIED","OTHER","OUTSIDE A3 PRODUCTION","GENERAL / SOURCE","C:\Abay-Germes\HouseMaster\apps\web\.next\dev\static\chunks","C:\Abay-Germes\HouseMaster\apps\web\.next\dev\static\chunks\node_modules__pnpm_1acoap4._.js.map","343","24.07.2026 15:24:23"
"turbopack-apps_web_1bc77ad._.js",".js","JS","UNCLASSIFIED","OTHER","OUTSIDE A3 PRODUCTION","GENERAL / SOURCE","C:\Abay-Germes\HouseMaster\apps\web\.next\dev\static\chunks","C:\Abay-Germes\HouseMaster\apps\web\.next\dev\static\chunks\turbopack-apps_web_1bc77ad._.js","90,3","24.07.2026 15:24:23"
"_buildManifest.js",".js","JS","UNCLASSIFIED","OTHER","OUTSIDE A3 PRODUCTION","GENERAL / SOURCE","C:\Abay-Germes\HouseMaster\apps\web\.next\dev\static\development","C:\Abay-Germes\HouseMaster\apps\web\.next\dev\static\development\_buildManifest.js","0,2","01.08.2026 14:45:42"
"_clientMiddlewareManifest.js",".js","JS","UNCLASSIFIED","OTHER","OUTSIDE A3 PRODUCTION","GENERAL / SOURCE","C:\Abay-Germes\HouseMaster\apps\web\.next\dev\static\development","C:\Abay-Germes\HouseMaster\apps\web\.next\dev\static\development\_clientMiddlewareManifest.js","0,1","01.08.2026 14:45:42"
"_ssgManifest.js",".js","JS","UNCLASSIFIED","OTHER","OUTSIDE A3 PRODUCTION","GENERAL / SOURCE","C:\Abay-Germes\HouseMaster\apps\web\.next\dev\static\development","C:\Abay-Germes\HouseMaster\apps\web\.next\dev\static\development\_ssgManifest.js","0,1","01.08.2026 14:45:42"
"4fa387ec64143e14-s.2tuy5pz7dlieh.woff2",".woff2","WOFF2","UNCLASSIFIED","OTHER","OUTSIDE A3 PRODUCTION","GENERAL / SOURCE","C:\Abay-Germes\HouseMaster\apps\web\.next\dev\static\media","C:\Abay-Germes\HouseMaster\apps\web\.next\dev\static\media\4fa387ec64143e14-s.2tuy5pz7dlieh.woff2","12,6","24.07.2026 15:24:23"
"53b9e256198e5412-s.390ncx5urfkfu.woff2",".woff2","WOFF2","UNCLASSIFIED","OTHER","OUTSIDE A3 PRODUCTION","GENERAL / SOURCE","C:\Abay-Germes\HouseMaster\apps\web\.next\dev\static\media","C:\Abay-Germes\HouseMaster\apps\web\.next\dev\static\media\53b9e256198e5412-s.390ncx5urfkfu.woff2","7,8","24.07.2026 15:24:23"
"5ce348bf30bf5439-s.31988l_ccedte.woff2",".woff2","WOFF2","UNCLASSIFIED","OTHER","OUTSIDE A3 PRODUCTION","GENERAL / SOURCE","C:\Abay-Germes\HouseMaster\apps\web\.next\dev\static\media","C:\Abay-Germes\HouseMaster\apps\web\.next\dev\static\media\5ce348bf30bf5439-s.31988l_ccedte.woff2","6,1","24.07.2026 15:24:23"
"6306c77e7c8268e4-s.2dbetqa9o8jxf.woff2",".woff2","WOFF2","UNCLASSIFIED","OTHER","OUTSIDE A3 PRODUCTION","QA / REVIEW","C:\Abay-Germes\HouseMaster\apps\web\.next\dev\static\media","C:\Abay-Germes\HouseMaster\apps\web\.next\dev\static\media\6306c77e7c8268e4-s.2dbetqa9o8jxf.woff2","5,8","24.07.2026 15:24:23"
"7178b3e590c64307-s.21jp631_3pja2.woff2",".woff2","WOFF2","UNCLASSIFIED","OTHER","OUTSIDE A3 PRODUCTION","GENERAL / SOURCE","C:\Abay-Germes\HouseMaster\apps\web\.next\dev\static\media","C:\Abay-Germes\HouseMaster\apps\web\.next\dev\static\media\7178b3e590c64307-s.21jp631_3pja2.woff2","16,2","24.07.2026 15:24:23"
"797e433ab948586e-s.p.0r6juujl39pe6.woff2",".woff2","WOFF2","UNCLASSIFIED","OTHER","OUTSIDE A3 PRODUCTION","GENERAL / SOURCE","C:\Abay-Germes\HouseMaster\apps\web\.next\dev\static\media","C:\Abay-Germes\HouseMaster\apps\web\.next\dev\static\media\797e433ab948586e-s.p.0r6juujl39pe6.woff2","22,6","24.07.2026 15:24:23"
"7d817b4c03b0c5f1-s.1uyisp29ctx0d.woff2",".woff2","WOFF2","UNCLASSIFIED","OTHER","OUTSIDE A3 PRODUCTION","GENERAL / SOURCE","C:\Abay-Germes\HouseMaster\apps\web\.next\dev\static\media","C:\Abay-Germes\HouseMaster\apps\web\.next\dev\static\media\7d817b4c03b0c5f1-s.1uyisp29ctx0d.woff2","7,5","24.07.2026 15:24:23"
"8a480f0b521d4e75-s.1qq4vpdcun5oj.woff2",".woff2","WOFF2","UNCLASSIFIED","OTHER","OUTSIDE A3 PRODUCTION","GENERAL / SOURCE","C:\Abay-Germes\HouseMaster\apps\web\.next\dev\static\media","C:\Abay-Germes\HouseMaster\apps\web\.next\dev\static\media\8a480f0b521d4e75-s.1qq4vpdcun5oj.woff2","14,6","24.07.2026 15:24:23"
"bbc41e54d2fcbd21-s.1rgnod-3esatf.woff2",".woff2","WOFF2","UNCLASSIFIED","OTHER","OUTSIDE A3 PRODUCTION","GENERAL / SOURCE","C:\Abay-Germes\HouseMaster\apps\web\.next\dev\static\media","C:\Abay-Germes\HouseMaster\apps\web\.next\dev\static\media\bbc41e54d2fcbd21-s.1rgnod-3esatf.woff2","14,4","24.07.2026 15:24:23"
"caa3a2e1cccd8315-s.p.0wgildi0cnwt9.woff2",".woff2","WOFF2","UNCLASSIFIED","OTHER","OUTSIDE A3 PRODUCTION","GENERAL / SOURCE","C:\Abay-Germes\HouseMaster\apps\web\.next\dev\static\media","C:\Abay-Germes\HouseMaster\apps\web\.next\dev\static\media\caa3a2e1cccd8315-s.p.0wgildi0cnwt9.woff2","28,6","24.07.2026 15:24:23"
"favicon.2vob68tjqpejf.ico",".ico","ICO","UNCLASSIFIED","OTHER","OUTSIDE A3 PRODUCTION","GENERAL / SOURCE","C:\Abay-Germes\HouseMaster\apps\web\.next\dev\static\media","C:\Abay-Germes\HouseMaster\apps\web\.next\dev\static\media\favicon.2vob68tjqpejf.ico","25,3","24.07.2026 15:24:23"
"fef07dbb0973bf53-s.3p2_lha1f2xer.woff2",".woff2","WOFF2","UNCLASSIFIED","OTHER","OUTSIDE A3 PRODUCTION","GENERAL / SOURCE","C:\Abay-Germes\HouseMaster\apps\web\.next\dev\static\media","C:\Abay-Germes\HouseMaster\apps\web\.next\dev\static\media\fef07dbb0973bf53-s.3p2_lha1f2xer.woff2","7,1","24.07.2026 15:24:23"
"trace","","","UNCLASSIFIED","OTHER","OUTSIDE A3 PRODUCTION","GENERAL / SOURCE","C:\Abay-Germes\HouseMaster\apps\web\.next\dev","C:\Abay-Germes\HouseMaster\apps\web\.next\dev\trace","71,6","01.08.2026 14:45:46"
"cache-life.d.ts",".ts","TS","UNCLASSIFIED","OTHER","OUTSIDE A3 PRODUCTION","GENERAL / SOURCE","C:\Abay-Germes\HouseMaster\apps\web\.next\dev\types","C:\Abay-Germes\HouseMaster\apps\web\.next\dev\types\cache-life.d.ts","5,7","01.08.2026 14:45:42"
"routes.d.ts",".ts","TS","UNCLASSIFIED","OTHER","OUTSIDE A3 PRODUCTION","GENERAL / SOURCE","C:\Abay-Germes\HouseMaster\apps\web\.next\dev\types","C:\Abay-Germes\HouseMaster\apps\web\.next\dev\types\routes.d.ts","2","01.08.2026 14:45:42"
"validator.ts",".ts","TS","UNCLASSIFIED","OTHER","OUTSIDE A3 PRODUCTION","GENERAL / SOURCE","C:\Abay-Germes\HouseMaster\apps\web\.next\dev\types","C:\Abay-Germes\HouseMaster\apps\web\.next\dev\types\validator.ts","4","01.08.2026 14:45:42"
"build-diagnostics.json",".json","JSON","UNCLASSIFIED","OTHER","OUTSIDE A3 PRODUCTION","GENERAL / SOURCE","C:\Abay-Germes\HouseMaster\apps\web\.next\diagnostics","C:\Abay-Germes\HouseMaster\apps\web\.next\diagnostics\build-diagnostics.json","0,1","19.08.2026 11:25:46"
"framework.json",".json","JSON","UNCLASSIFIED","OTHER","OUTSIDE A3 PRODUCTION","GENERAL / SOURCE","C:\Abay-Germes\HouseMaster\apps\web\.next\diagnostics","C:\Abay-Germes\HouseMaster\apps\web\.next\diagnostics\framework.json","0","19.08.2026 11:25:20"
"route-bundle-stats.json",".json","JSON","UNCLASSIFIED","OTHER","OUTSIDE A3 PRODUCTION","GENERAL / SOURCE","C:\Abay-Germes\HouseMaster\apps\web\.next\diagnostics","C:\Abay-Germes\HouseMaster\apps\web\.next\diagnostics\route-bundle-stats.json","2,1","19.08.2026 11:25:48"
"export-marker.json",".json","JSON","UNCLASSIFIED","OTHER","OUTSIDE A3 PRODUCTION","GENERAL / SOURCE","C:\Abay-Germes\HouseMaster\apps\web\.next","C:\Abay-Germes\HouseMaster\apps\web\.next\export-marker.json","0,1","19.08.2026 11:25:47"
"fallback-build-manifest.json",".json","JSON","UNCLASSIFIED","OTHER","OUTSIDE A3 PRODUCTION","GENERAL / SOURCE","C:\Abay-Germes\HouseMaster\apps\web\.next","C:\Abay-Germes\HouseMaster\apps\web\.next\fallback-build-manifest.json","0,3","19.08.2026 11:25:36"
"images-manifest.json",".json","JSON","UNCLASSIFIED","OTHER","OUTSIDE A3 PRODUCTION","GENERAL / SOURCE","C:\Abay-Germes\HouseMaster\apps\web\.next","C:\Abay-Germes\HouseMaster\apps\web\.next\images-manifest.json","1,4","19.08.2026 11:25:47"
"next-minimal-server.js.nft.json",".json","JSON","UNCLASSIFIED","OTHER","OUTSIDE A3 PRODUCTION","GENERAL / SOURCE","C:\Abay-Germes\HouseMaster\apps\web\.next","C:\Abay-Germes\HouseMaster\apps\web\.next\next-minimal-server.js.nft.json","12,2","19.08.2026 11:25:36"
"next-server.js.nft.json",".json","JSON","UNCLASSIFIED","OTHER","OUTSIDE A3 PRODUCTION","GENERAL / SOURCE","C:\Abay-Germes\HouseMaster\apps\web\.next","C:\Abay-Germes\HouseMaster\apps\web\.next\next-server.js.nft.json","147","19.08.2026 11:25:36"
"package.json",".json","JSON","UNCLASSIFIED","OTHER","OUTSIDE A3 PRODUCTION","GENERAL / SOURCE","C:\Abay-Germes\HouseMaster\apps\web\.next","C:\Abay-Germes\HouseMaster\apps\web\.next\package.json","0","19.08.2026 11:25:21"
"prerender-manifest.json",".json","JSON","UNCLASSIFIED","OTHER","OUTSIDE A3 PRODUCTION","GENERAL / SOURCE","C:\Abay-Germes\HouseMaster\apps\web\.next","C:\Abay-Germes\HouseMaster\apps\web\.next\prerender-manifest.json","3,6","19.08.2026 11:25:47"
"required-server-files.js",".js","JS","UNCLASSIFIED","OTHER","OUTSIDE A3 PRODUCTION","GENERAL / SOURCE","C:\Abay-Germes\HouseMaster\apps\web\.next","C:\Abay-Germes\HouseMaster\apps\web\.next\required-server-files.js","9,2","19.08.2026 11:25:44"
"required-server-files.json",".json","JSON","UNCLASSIFIED","OTHER","OUTSIDE A3 PRODUCTION","GENERAL / SOURCE","C:\Abay-Germes\HouseMaster\apps\web\.next","C:\Abay-Germes\HouseMaster\apps\web\.next\required-server-files.json","9,2","19.08.2026 11:25:44"
"routes-manifest.json",".json","JSON","UNCLASSIFIED","OTHER","OUTSIDE A3 PRODUCTION","GENERAL / SOURCE","C:\Abay-Germes\HouseMaster\apps\web\.next","C:\Abay-Germes\HouseMaster\apps\web\.next\routes-manifest.json","2,3","19.08.2026 11:25:47"
"_global-error.html",".html","HTML","UNCLASSIFIED","OTHER","OUTSIDE A3 PRODUCTION","GENERAL / SOURCE","C:\Abay-Germes\HouseMaster\apps\web\.next\server\app","C:\Abay-Germes\HouseMaster\apps\web\.next\server\app\_global-error.html","9,5","19.08.2026 11:25:47"
"_global-error.meta",".meta","META","UNCLASSIFIED","OTHER","OUTSIDE A3 PRODUCTION","GENERAL / SOURCE","C:\Abay-Germes\HouseMaster\apps\web\.next\server\app","C:\Abay-Germes\HouseMaster\apps\web\.next\server\app\_global-error.meta","0,3","19.08.2026 11:25:47"
"_global-error.rsc",".rsc","RSC","UNCLASSIFIED","OTHER","OUTSIDE A3 PRODUCTION","GENERAL / SOURCE","C:\Abay-Germes\HouseMaster\apps\web\.next\server\app","C:\Abay-Germes\HouseMaster\apps\web\.next\server\app\_global-error.rsc","5","19.08.2026 11:25:47"
"__PAGE__.segment.rsc",".rsc","RSC","UNCLASSIFIED","OTHER","OUTSIDE A3 PRODUCTION","GENERAL / SOURCE","C:\Abay-Germes\HouseMaster\apps\web\.next\server\app\_global-error.segments","C:\Abay-Germes\HouseMaster\apps\web\.next\server\app\_global-error.segments\__PAGE__.segment.rsc","3,3","19.08.2026 11:25:47"
"_full.segment.rsc",".rsc","RSC","UNCLASSIFIED","OTHER","OUTSIDE A3 PRODUCTION","GENERAL / SOURCE","C:\Abay-Germes\HouseMaster\apps\web\.next\server\app\_global-error.segments","C:\Abay-Germes\HouseMaster\apps\web\.next\server\app\_global-error.segments\_full.segment.rsc","5","19.08.2026 11:25:47"
"_head.segment.rsc",".rsc","RSC","UNCLASSIFIED","OTHER","OUTSIDE A3 PRODUCTION","GENERAL / SOURCE","C:\Abay-Germes\HouseMaster\apps\web\.next\server\app\_global-error.segments","C:\Abay-Germes\HouseMaster\apps\web\.next\server\app\_global-error.segments\_head.segment.rsc","1","19.08.2026 11:25:47"
"_index.segment.rsc",".rsc","RSC","UNCLASSIFIED","OTHER","OUTSIDE A3 PRODUCTION","GENERAL / SOURCE","C:\Abay-Germes\HouseMaster\apps\web\.next\server\app\_global-error.segments","C:\Abay-Germes\HouseMaster\apps\web\.next\server\app\_global-error.segments\_index.segment.rsc","0,4","19.08.2026 11:25:47"
"_tree.segment.rsc",".rsc","RSC","UNCLASSIFIED","OTHER","OUTSIDE A3 PRODUCTION","GENERAL / SOURCE","C:\Abay-Germes\HouseMaster\apps\web\.next\server\app\_global-error.segments","C:\Abay-Germes\HouseMaster\apps\web\.next\server\app\_global-error.segments\_tree.segment.rsc","0,2","19.08.2026 11:25:47"
"page.js",".js","JS","UNCLASSIFIED","OTHER","OUTSIDE A3 PRODUCTION","GENERAL / SOURCE","C:\Abay-Germes\HouseMaster\apps\web\.next\server\app\_global-error","C:\Abay-Germes\HouseMaster\apps\web\.next\server\app\_global-error\page.js","0,6","19.08.2026 11:25:36"
"page.js.map",".map","MAP","UNCLASSIFIED","OTHER","OUTSIDE A3 PRODUCTION","GENERAL / SOURCE","C:\Abay-Germes\HouseMaster\apps\web\.next\server\app\_global-error","C:\Abay-Germes\HouseMaster\apps\web\.next\server\app\_global-error\page.js.map","0,1","19.08.2026 11:25:36"
"page.js.nft.json",".json","JSON","UNCLASSIFIED","OTHER","OUTSIDE A3 PRODUCTION","GENERAL / SOURCE","C:\Abay-Germes\HouseMaster\apps\web\.next\server\app\_global-error","C:\Abay-Germes\HouseMaster\apps\web\.next\server\app\_global-error\page.js.nft.json","14,9","19.08.2026 11:25:36"
"app-paths-manifest.json",".json","JSON","UNCLASSIFIED","OTHER","OUTSIDE A3 PRODUCTION","GENERAL / SOURCE","C:\Abay-Germes\HouseMaster\apps\web\.next\server\app\_global-error\page","C:\Abay-Germes\HouseMaster\apps\web\.next\server\app\_global-error\page\app-paths-manifest.json","0,1","19.08.2026 11:25:36"
"build-manifest.json",".json","JSON","UNCLASSIFIED","OTHER","OUTSIDE A3 PRODUCTION","GENERAL / SOURCE","C:\Abay-Germes\HouseMaster\apps\web\.next\server\app\_global-error\page","C:\Abay-Germes\HouseMaster\apps\web\.next\server\app\_global-error\page\build-manifest.json","0,4","19.08.2026 11:25:36"
"next-font-manifest.json",".json","JSON","UNCLASSIFIED","OTHER","OUTSIDE A3 PRODUCTION","GENERAL / SOURCE","C:\Abay-Germes\HouseMaster\apps\web\.next\server\app\_global-error\page","C:\Abay-Germes\HouseMaster\apps\web\.next\server\app\_global-error\page\next-font-manifest.json","0,1","19.08.2026 11:25:36"
"react-loadable-manifest.json",".json","JSON","UNCLASSIFIED","OTHER","OUTSIDE A3 PRODUCTION","GENERAL / SOURCE","C:\Abay-Germes\HouseMaster\apps\web\.next\server\app\_global-error\page","C:\Abay-Germes\HouseMaster\apps\web\.next\server\app\_global-error\page\react-loadable-manifest.json","0","19.08.2026 11:25:36"
"server-reference-manifest.json",".json","JSON","UNCLASSIFIED","OTHER","OUTSIDE A3 PRODUCTION","GENERAL / SOURCE","C:\Abay-Germes\HouseMaster\apps\web\.next\server\app\_global-error\page","C:\Abay-Germes\HouseMaster\apps\web\.next\server\app\_global-error\page\server-reference-manifest.json","0","19.08.2026 11:25:36"
"page_client-reference-manifest.js",".js","JS","UNCLASSIFIED","OTHER","OUTSIDE A3 PRODUCTION","GENERAL / SOURCE","C:\Abay-Germes\HouseMaster\apps\web\.next\server\app\_global-error","C:\Abay-Germes\HouseMaster\apps\web\.next\server\app\_global-error\page_client-reference-manifest.js","7,1","19.08.2026 11:25:36"
"_not-found.html",".html","HTML","UNCLASSIFIED","OTHER","OUTSIDE A3 PRODUCTION","GENERAL / SOURCE","C:\Abay-Germes\HouseMaster\apps\web\.next\server\app","C:\Abay-Germes\HouseMaster\apps\web\.next\server\app\_not-found.html","9,1","19.08.2026 11:25:47"
"_not-found.meta",".meta","META","UNCLASSIFIED","OTHER","OUTSIDE A3 PRODUCTION","GENERAL / SOURCE","C:\Abay-Germes\HouseMaster\apps\web\.next\server\app","C:\Abay-Germes\HouseMaster\apps\web\.next\server\app\_not-found.meta","0,3","19.08.2026 11:25:47"
"_not-found.rsc",".rsc","RSC","UNCLASSIFIED","OTHER","OUTSIDE A3 PRODUCTION","GENERAL / SOURCE","C:\Abay-Germes\HouseMaster\apps\web\.next\server\app","C:\Abay-Germes\HouseMaster\apps\web\.next\server\app\_not-found.rsc","5,8","19.08.2026 11:25:47"
"_full.segment.rsc",".rsc","RSC","UNCLASSIFIED","OTHER","OUTSIDE A3 PRODUCTION","GENERAL / SOURCE","C:\Abay-Germes\HouseMaster\apps\web\.next\server\app\_not-found.segments","C:\Abay-Germes\HouseMaster\apps\web\.next\server\app\_not-found.segments\_full.segment.rsc","5,8","19.08.2026 11:25:47"
"_head.segment.rsc",".rsc","RSC","UNCLASSIFIED","OTHER","OUTSIDE A3 PRODUCTION","GENERAL / SOURCE","C:\Abay-Germes\HouseMaster\apps\web\.next\server\app\_not-found.segments","C:\Abay-Germes\HouseMaster\apps\web\.next\server\app\_not-found.segments\_head.segment.rsc","1,2","19.08.2026 11:25:47"
"_index.segment.rsc",".rsc","RSC","UNCLASSIFIED","OTHER","OUTSIDE A3 PRODUCTION","GENERAL / SOURCE","C:\Abay-Germes\HouseMaster\apps\web\.next\server\app\_not-found.segments","C:\Abay-Germes\HouseMaster\apps\web\.next\server\app\_not-found.segments\_index.segment.rsc","2,2","19.08.2026 11:25:47"
"_not-found.segment.rsc",".rsc","RSC","UNCLASSIFIED","OTHER","OUTSIDE A3 PRODUCTION","GENERAL / SOURCE","C:\Abay-Germes\HouseMaster\apps\web\.next\server\app\_not-found.segments","C:\Abay-Germes\HouseMaster\apps\web\.next\server\app\_not-found.segments\_not-found.segment.rsc","0,4","19.08.2026 11:25:47"
"__PAGE__.segment.rsc",".rsc","RSC","UNCLASSIFIED","OTHER","OUTSIDE A3 PRODUCTION","GENERAL / SOURCE","C:\Abay-Germes\HouseMaster\apps\web\.next\server\app\_not-found.segments\_not-found","C:\Abay-Germes\HouseMaster\apps\web\.next\server\app\_not-found.segments\_not-found\__PAGE__.segment.rsc","1,4","19.08.2026 11:25:47"
"_tree.segment.rsc",".rsc","RSC","UNCLASSIFIED","OTHER","OUTSIDE A3 PRODUCTION","GENERAL / SOURCE","C:\Abay-Germes\HouseMaster\apps\web\.next\server\app\_not-found.segments","C:\Abay-Germes\HouseMaster\apps\web\.next\server\app\_not-found.segments\_tree.segment.rsc","0,3","19.08.2026 11:25:47"
"page.js",".js","JS","UNCLASSIFIED","OTHER","OUTSIDE A3 PRODUCTION","GENERAL / SOURCE","C:\Abay-Germes\HouseMaster\apps\web\.next\server\app\_not-found","C:\Abay-Germes\HouseMaster\apps\web\.next\server\app\_not-found\page.js","0,8","19.08.2026 11:25:36"
"page.js.map",".map","MAP","UNCLASSIFIED","OTHER","OUTSIDE A3 PRODUCTION","GENERAL / SOURCE","C:\Abay-Germes\HouseMaster\apps\web\.next\server\app\_not-found","C:\Abay-Germes\HouseMaster\apps\web\.next\server\app\_not-found\page.js.map","0,1","19.08.2026 11:25:36"
"page.js.nft.json",".json","JSON","UNCLASSIFIED","OTHER","OUTSIDE A3 PRODUCTION","GENERAL / SOURCE","C:\Abay-Germes\HouseMaster\apps\web\.next\server\app\_not-found","C:\Abay-Germes\HouseMaster\apps\web\.next\server\app\_not-found\page.js.nft.json","15,2","19.08.2026 11:25:36"
"app-paths-manifest.json",".json","JSON","UNCLASSIFIED","OTHER","OUTSIDE A3 PRODUCTION","GENERAL / SOURCE","C:\Abay-Germes\HouseMaster\apps\web\.next\server\app\_not-found\page","C:\Abay-Germes\HouseMaster\apps\web\.next\server\app\_not-found\page\app-paths-manifest.json","0","19.08.2026 11:25:36"
"build-manifest.json",".json","JSON","UNCLASSIFIED","OTHER","OUTSIDE A3 PRODUCTION","GENERAL / SOURCE","C:\Abay-Germes\HouseMaster\apps\web\.next\server\app\_not-found\page","C:\Abay-Germes\HouseMaster\apps\web\.next\server\app\_not-found\page\build-manifest.json","0,4","19.08.2026 11:25:36"
"next-font-manifest.json",".json","JSON","UNCLASSIFIED","OTHER","OUTSIDE A3 PRODUCTION","GENERAL / SOURCE","C:\Abay-Germes\HouseMaster\apps\web\.next\server\app\_not-found\page","C:\Abay-Germes\HouseMaster\apps\web\.next\server\app\_not-found\page\next-font-manifest.json","0,3","19.08.2026 11:25:36"
"react-loadable-manifest.json",".json","JSON","UNCLASSIFIED","OTHER","OUTSIDE A3 PRODUCTION","GENERAL / SOURCE","C:\Abay-Germes\HouseMaster\apps\web\.next\server\app\_not-found\page","C:\Abay-Germes\HouseMaster\apps\web\.next\server\app\_not-found\page\react-loadable-manifest.json","0","19.08.2026 11:25:36"
"server-reference-manifest.json",".json","JSON","UNCLASSIFIED","OTHER","OUTSIDE A3 PRODUCTION","GENERAL / SOURCE","C:\Abay-Germes\HouseMaster\apps\web\.next\server\app\_not-found\page","C:\Abay-Germes\HouseMaster\apps\web\.next\server\app\_not-found\page\server-reference-manifest.json","0","19.08.2026 11:25:36"
"page_client-reference-manifest.js",".js","JS","UNCLASSIFIED","OTHER","OUTSIDE A3 PRODUCTION","GENERAL / SOURCE","C:\Abay-Germes\HouseMaster\apps\web\.next\server\app\_not-found","C:\Abay-Germes\HouseMaster\apps\web\.next\server\app\_not-found\page_client-reference-manifest.js","8,2","19.08.2026 11:25:36"
"page.js",".js","JS","UNCLASSIFIED","OTHER","OUTSIDE A3 PRODUCTION","GENERAL / SOURCE","C:\Abay-Germes\HouseMaster\apps\web\.next\server\app\admin","C:\Abay-Germes\HouseMaster\apps\web\.next\server\app\admin\page.js","0,9","19.08.2026 11:25:36"
"page.js.map",".map","MAP","UNCLASSIFIED","OTHER","OUTSIDE A3 PRODUCTION","GENERAL / SOURCE","C:\Abay-Germes\HouseMaster\apps\web\.next\server\app\admin","C:\Abay-Germes\HouseMaster\apps\web\.next\server\app\admin\page.js.map","0,1","19.08.2026 11:25:36"
"page.js.nft.json",".json","JSON","UNCLASSIFIED","OTHER","OUTSIDE A3 PRODUCTION","GENERAL / SOURCE","C:\Abay-Germes\HouseMaster\apps\web\.next\server\app\admin","C:\Abay-Germes\HouseMaster\apps\web\.next\server\app\admin\page.js.nft.json","15,4","19.08.2026 11:25:36"
"app-paths-manifest.json",".json","JSON","UNCLASSIFIED","OTHER","OUTSIDE A3 PRODUCTION","GENERAL / SOURCE","C:\Abay-Germes\HouseMaster\apps\web\.next\server\app\admin\page","C:\Abay-Germes\HouseMaster\apps\web\.next\server\app\admin\page\app-paths-manifest.json","0","19.08.2026 11:25:36"
"build-manifest.json",".json","JSON","UNCLASSIFIED","OTHER","OUTSIDE A3 PRODUCTION","GENERAL / SOURCE","C:\Abay-Germes\HouseMaster\apps\web\.next\server\app\admin\page","C:\Abay-Germes\HouseMaster\apps\web\.next\server\app\admin\page\build-manifest.json","0,4","19.08.2026 11:25:36"
"next-font-manifest.json",".json","JSON","UNCLASSIFIED","OTHER","OUTSIDE A3 PRODUCTION","GENERAL / SOURCE","C:\Abay-Germes\HouseMaster\apps\web\.next\server\app\admin\page","C:\Abay-Germes\HouseMaster\apps\web\.next\server\app\admin\page\next-font-manifest.json","0,3","19.08.2026 11:25:36"
"react-loadable-manifest.json",".json","JSON","UNCLASSIFIED","OTHER","OUTSIDE A3 PRODUCTION","GENERAL / SOURCE","C:\Abay-Germes\HouseMaster\apps\web\.next\server\app\admin\page","C:\Abay-Germes\HouseMaster\apps\web\.next\server\app\admin\page\react-loadable-manifest.json","0","19.08.2026 11:25:36"
"server-reference-manifest.json",".json","JSON","UNCLASSIFIED","OTHER","OUTSIDE A3 PRODUCTION","GENERAL / SOURCE","C:\Abay-Germes\HouseMaster\apps\web\.next\server\app\admin\page","C:\Abay-Germes\HouseMaster\apps\web\.next\server\app\admin\page\server-reference-manifest.json","0,4","19.08.2026 11:25:36"
"page_client-reference-manifest.js",".js","JS","UNCLASSIFIED","OTHER","OUTSIDE A3 PRODUCTION","GENERAL / SOURCE","C:\Abay-Germes\HouseMaster\apps\web\.next\server\app\admin","C:\Abay-Germes\HouseMaster\apps\web\.next\server\app\admin\page_client-reference-manifest.js","9,3","19.08.2026 11:25:36"
"route.js",".js","JS","UNCLASSIFIED","OTHER","OUTSIDE A3 PRODUCTION","GENERAL / SOURCE","C:\Abay-Germes\HouseMaster\apps\web\.next\server\app\api\auth\[...nextauth]","C:\Abay-Germes\HouseMaster\apps\web\.next\server\app\api\auth\[...nextauth]\route.js","0,4","19.08.2026 11:25:36"
"route.js.map",".map","MAP","UNCLASSIFIED","OTHER","OUTSIDE A3 PRODUCTION","GENERAL / SOURCE","C:\Abay-Germes\HouseMaster\apps\web\.next\server\app\api\auth\[...nextauth]","C:\Abay-Germes\HouseMaster\apps\web\.next\server\app\api\auth\[...nextauth]\route.js.map","0,1","19.08.2026 11:25:36"
"route.js.nft.json",".json","JSON","UNCLASSIFIED","OTHER","OUTSIDE A3 PRODUCTION","GENERAL / SOURCE","C:\Abay-Germes\HouseMaster\apps\web\.next\server\app\api\auth\[...nextauth]","C:\Abay-Germes\HouseMaster\apps\web\.next\server\app\api\auth\[...nextauth]\route.js.nft.json","15,3","19.08.2026 11:25:36"
"app-paths-manifest.json",".json","JSON","UNCLASSIFIED","OTHER","OUTSIDE A3 PRODUCTION","GENERAL / SOURCE","C:\Abay-Germes\HouseMaster\apps\web\.next\server\app\api\auth\[...nextauth]\route","C:\Abay-Germes\HouseMaster\apps\web\.next\server\app\api\auth\[...nextauth]\route\app-paths-manifest.json","0,1","19.08.2026 11:25:36"
"build-manifest.json",".json","JSON","UNCLASSIFIED","OTHER","OUTSIDE A3 PRODUCTION","GENERAL / SOURCE","C:\Abay-Germes\HouseMaster\apps\web\.next\server\app\api\auth\[...nextauth]\route","C:\Abay-Germes\HouseMaster\apps\web\.next\server\app\api\auth\[...nextauth]\route\build-manifest.json","0,1","19.08.2026 11:25:36"
"server-reference-manifest.json",".json","JSON","UNCLASSIFIED","OTHER","OUTSIDE A3 PRODUCTION","GENERAL / SOURCE","C:\Abay-Germes\HouseMaster\apps\web\.next\server\app\api\auth\[...nextauth]\route","C:\Abay-Germes\HouseMaster\apps\web\.next\server\app\api\auth\[...nextauth]\route\server-reference-manifest.json","0","19.08.2026 11:25:36"
"route_client-reference-manifest.js",".js","JS","UNCLASSIFIED","OTHER","OUTSIDE A3 PRODUCTION","GENERAL / SOURCE","C:\Abay-Germes\HouseMaster\apps\web\.next\server\app\api\auth\[...nextauth]","C:\Abay-Germes\HouseMaster\apps\web\.next\server\app\api\auth\[...nextauth]\route_client-reference-manifest.js","0,3","19.08.2026 11:25:36"
"route.js",".js","JS","UNCLASSIFIED","OTHER","OUTSIDE A3 PRODUCTION","GENERAL / SOURCE","C:\Abay-Germes\HouseMaster\apps\web\.next\server\app\api\health\db","C:\Abay-Germes\HouseMaster\apps\web\.next\server\app\api\health\db\route.js","0,4","19.08.2026 11:25:36"
"route.js.map",".map","MAP","UNCLASSIFIED","OTHER","OUTSIDE A3 PRODUCTION","GENERAL / SOURCE","C:\Abay-Germes\HouseMaster\apps\web\.next\server\app\api\health\db","C:\Abay-Germes\HouseMaster\apps\web\.next\server\app\api\health\db\route.js.map","0,1","19.08.2026 11:25:36"
"route.js.nft.json",".json","JSON","UNCLASSIFIED","OTHER","OUTSIDE A3 PRODUCTION","GENERAL / SOURCE","C:\Abay-Germes\HouseMaster\apps\web\.next\server\app\api\health\db","C:\Abay-Germes\HouseMaster\apps\web\.next\server\app\api\health\db\route.js.nft.json","24,5","19.08.2026 11:25:36"
"app-paths-manifest.json",".json","JSON","UNCLASSIFIED","OTHER","OUTSIDE A3 PRODUCTION","GENERAL / SOURCE","C:\Abay-Germes\HouseMaster\apps\web\.next\server\app\api\health\db\route","C:\Abay-Germes\HouseMaster\apps\web\.next\server\app\api\health\db\route\app-paths-manifest.json","0,1","19.08.2026 11:25:36"
"build-manifest.json",".json","JSON","UNCLASSIFIED","OTHER","OUTSIDE A3 PRODUCTION","GENERAL / SOURCE","C:\Abay-Germes\HouseMaster\apps\web\.next\server\app\api\health\db\route","C:\Abay-Germes\HouseMaster\apps\web\.next\server\app\api\health\db\route\build-manifest.json","0,1","19.08.2026 11:25:36"
"server-reference-manifest.json",".json","JSON","UNCLASSIFIED","OTHER","OUTSIDE A3 PRODUCTION","GENERAL / SOURCE","C:\Abay-Germes\HouseMaster\apps\web\.next\server\app\api\health\db\route","C:\Abay-Germes\HouseMaster\apps\web\.next\server\app\api\health\db\route\server-reference-manifest.json","0","19.08.2026 11:25:36"
"route_client-reference-manifest.js",".js","JS","UNCLASSIFIED","OTHER","OUTSIDE A3 PRODUCTION","GENERAL / SOURCE","C:\Abay-Germes\HouseMaster\apps\web\.next\server\app\api\health\db","C:\Abay-Germes\HouseMaster\apps\web\.next\server\app\api\health\db\route_client-reference-manifest.js","0,3","19.08.2026 11:25:36"
"favicon.ico.body",".body","BODY","UNCLASSIFIED","OTHER","OUTSIDE A3 PRODUCTION","GENERAL / SOURCE","C:\Abay-Germes\HouseMaster\apps\web\.next\server\app","C:\Abay-Germes\HouseMaster\apps\web\.next\server\app\favicon.ico.body","25,3","19.08.2026 11:25:47"
"favicon.ico.meta",".meta","META","UNCLASSIFIED","OTHER","OUTSIDE A3 PRODUCTION","GENERAL / SOURCE","C:\Abay-Germes\HouseMaster\apps\web\.next\server\app","C:\Abay-Germes\HouseMaster\apps\web\.next\server\app\favicon.ico.meta","0,2","19.08.2026 11:25:47"
"route.js",".js","JS","UNCLASSIFIED","OTHER","OUTSIDE A3 PRODUCTION","GENERAL / SOURCE","C:\Abay-Germes\HouseMaster\apps\web\.next\server\app\favicon.ico","C:\Abay-Germes\HouseMaster\apps\web\.next\server\app\favicon.ico\route.js","0,4","19.08.2026 11:25:36"
"route.js.map",".map","MAP","UNCLASSIFIED","OTHER","OUTSIDE A3 PRODUCTION","GENERAL / SOURCE","C:\Abay-Germes\HouseMaster\apps\web\.next\server\app\favicon.ico","C:\Abay-Germes\HouseMaster\apps\web\.next\server\app\favicon.ico\route.js.map","0,1","19.08.2026 11:25:36"
"route.js.nft.json",".json","JSON","UNCLASSIFIED","OTHER","OUTSIDE A3 PRODUCTION","GENERAL / SOURCE","C:\Abay-Germes\HouseMaster\apps\web\.next\server\app\favicon.ico","C:\Abay-Germes\HouseMaster\apps\web\.next\server\app\favicon.ico\route.js.nft.json","14,7","19.08.2026 11:25:36"
"app-paths-manifest.json",".json","JSON","UNCLASSIFIED","OTHER","OUTSIDE A3 PRODUCTION","GENERAL / SOURCE","C:\Abay-Germes\HouseMaster\apps\web\.next\server\app\favicon.ico\route","C:\Abay-Germes\HouseMaster\apps\web\.next\server\app\favicon.ico\route\app-paths-manifest.json","0,1","19.08.2026 11:25:36"
"build-manifest.json",".json","JSON","UNCLASSIFIED","OTHER","OUTSIDE A3 PRODUCTION","GENERAL / SOURCE","C:\Abay-Germes\HouseMaster\apps\web\.next\server\app\favicon.ico\route","C:\Abay-Germes\HouseMaster\apps\web\.next\server\app\favicon.ico\route\build-manifest.json","0,1","19.08.2026 11:25:36"
"index.html",".html","HTML","UNCLASSIFIED","OTHER","OUTSIDE A3 PRODUCTION","GENERAL / SOURCE","C:\Abay-Germes\HouseMaster\apps\web\.next\server\app","C:\Abay-Germes\HouseMaster\apps\web\.next\server\app\index.html","8,3","19.08.2026 11:25:47"
"index.meta",".meta","META","UNCLASSIFIED","OTHER","OUTSIDE A3 PRODUCTION","GENERAL / SOURCE","C:\Abay-Germes\HouseMaster\apps\web\.next\server\app","C:\Abay-Germes\HouseMaster\apps\web\.next\server\app\index.meta","0,2","19.08.2026 11:25:47"
"index.rsc",".rsc","RSC","UNCLASSIFIED","OTHER","OUTSIDE A3 PRODUCTION","GENERAL / SOURCE","C:\Abay-Germes\HouseMaster\apps\web\.next\server\app","C:\Abay-Germes\HouseMaster\apps\web\.next\server\app\index.rsc","5,2","19.08.2026 11:25:47"
"__PAGE__.segment.rsc",".rsc","RSC","UNCLASSIFIED","OTHER","OUTSIDE A3 PRODUCTION","GENERAL / SOURCE","C:\Abay-Germes\HouseMaster\apps\web\.next\server\app\index.segments","C:\Abay-Germes\HouseMaster\apps\web\.next\server\app\index.segments\__PAGE__.segment.rsc","1,1","19.08.2026 11:25:47"
"_full.segment.rsc",".rsc","RSC","UNCLASSIFIED","OTHER","OUTSIDE A3 PRODUCTION","GENERAL / SOURCE","C:\Abay-Germes\HouseMaster\apps\web\.next\server\app\index.segments","C:\Abay-Germes\HouseMaster\apps\web\.next\server\app\index.segments\_full.segment.rsc","5,2","19.08.2026 11:25:47"
"_head.segment.rsc",".rsc","RSC","UNCLASSIFIED","OTHER","OUTSIDE A3 PRODUCTION","GENERAL / SOURCE","C:\Abay-Germes\HouseMaster\apps\web\.next\server\app\index.segments","C:\Abay-Germes\HouseMaster\apps\web\.next\server\app\index.segments\_head.segment.rsc","1,1","19.08.2026 11:25:47"
"_index.segment.rsc",".rsc","RSC","UNCLASSIFIED","OTHER","OUTSIDE A3 PRODUCTION","GENERAL / SOURCE","C:\Abay-Germes\HouseMaster\apps\web\.next\server\app\index.segments","C:\Abay-Germes\HouseMaster\apps\web\.next\server\app\index.segments\_index.segment.rsc","2,2","19.08.2026 11:25:47"
"_tree.segment.rsc",".rsc","RSC","UNCLASSIFIED","OTHER","OUTSIDE A3 PRODUCTION","GENERAL / SOURCE","C:\Abay-Germes\HouseMaster\apps\web\.next\server\app\index.segments","C:\Abay-Germes\HouseMaster\apps\web\.next\server\app\index.segments\_tree.segment.rsc","0,5","19.08.2026 11:25:47"
"login.html",".html","HTML","UNCLASSIFIED","OTHER","OUTSIDE A3 PRODUCTION","GENERAL / SOURCE","C:\Abay-Germes\HouseMaster\apps\web\.next\server\app","C:\Abay-Germes\HouseMaster\apps\web\.next\server\app\login.html","8,2","19.08.2026 11:25:47"
"login.meta",".meta","META","UNCLASSIFIED","OTHER","OUTSIDE A3 PRODUCTION","GENERAL / SOURCE","C:\Abay-Germes\HouseMaster\apps\web\.next\server\app","C:\Abay-Germes\HouseMaster\apps\web\.next\server\app\login.meta","0,3","19.08.2026 11:25:47"
"login.rsc",".rsc","RSC","UNCLASSIFIED","OTHER","OUTSIDE A3 PRODUCTION","GENERAL / SOURCE","C:\Abay-Germes\HouseMaster\apps\web\.next\server\app","C:\Abay-Germes\HouseMaster\apps\web\.next\server\app\login.rsc","5,4","19.08.2026 11:25:47"
"_full.segment.rsc",".rsc","RSC","UNCLASSIFIED","OTHER","OUTSIDE A3 PRODUCTION","GENERAL / SOURCE","C:\Abay-Germes\HouseMaster\apps\web\.next\server\app\login.segments","C:\Abay-Germes\HouseMaster\apps\web\.next\server\app\login.segments\_full.segment.rsc","5,4","19.08.2026 11:25:47"
"_head.segment.rsc",".rsc","RSC","UNCLASSIFIED","OTHER","OUTSIDE A3 PRODUCTION","GENERAL / SOURCE","C:\Abay-Germes\HouseMaster\apps\web\.next\server\app\login.segments","C:\Abay-Germes\HouseMaster\apps\web\.next\server\app\login.segments\_head.segment.rsc","1,1","19.08.2026 11:25:47"
"_index.segment.rsc",".rsc","RSC","UNCLASSIFIED","OTHER","OUTSIDE A3 PRODUCTION","GENERAL / SOURCE","C:\Abay-Germes\HouseMaster\apps\web\.next\server\app\login.segments","C:\Abay-Germes\HouseMaster\apps\web\.next\server\app\login.segments\_index.segment.rsc","2,2","19.08.2026 11:25:47"
"_tree.segment.rsc",".rsc","RSC","UNCLASSIFIED","OTHER","OUTSIDE A3 PRODUCTION","GENERAL / SOURCE","C:\Abay-Germes\HouseMaster\apps\web\.next\server\app\login.segments","C:\Abay-Germes\HouseMaster\apps\web\.next\server\app\login.segments\_tree.segment.rsc","0,5","19.08.2026 11:25:47"
"login.segment.rsc",".rsc","RSC","UNCLASSIFIED","OTHER","OUTSIDE A3 PRODUCTION","GENERAL / SOURCE","C:\Abay-Germes\HouseMaster\apps\web\.next\server\app\login.segments","C:\Abay-Germes\HouseMaster\apps\web\.next\server\app\login.segments\login.segment.rsc","0,4","19.08.2026 11:25:47"
"__PAGE__.segment.rsc",".rsc","RSC","UNCLASSIFIED","OTHER","OUTSIDE A3 PRODUCTION","GENERAL / SOURCE","C:\Abay-Germes\HouseMaster\apps\web\.next\server\app\login.segments\login","C:\Abay-Germes\HouseMaster\apps\web\.next\server\app\login.segments\login\__PAGE__.segment.rsc","0,9","19.08.2026 11:25:47"
"page.js",".js","JS","UNCLASSIFIED","OTHER","OUTSIDE A3 PRODUCTION","GENERAL / SOURCE","C:\Abay-Germes\HouseMaster\apps\web\.next\server\app\login","C:\Abay-Germes\HouseMaster\apps\web\.next\server\app\login\page.js","0,9","19.08.2026 11:25:36"
"page.js.map",".map","MAP","UNCLASSIFIED","OTHER","OUTSIDE A3 PRODUCTION","GENERAL / SOURCE","C:\Abay-Germes\HouseMaster\apps\web\.next\server\app\login","C:\Abay-Germes\HouseMaster\apps\web\.next\server\app\login\page.js.map","0,1","19.08.2026 11:25:36"
"page.js.nft.json",".json","JSON","UNCLASSIFIED","OTHER","OUTSIDE A3 PRODUCTION","GENERAL / SOURCE","C:\Abay-Germes\HouseMaster\apps\web\.next\server\app\login","C:\Abay-Germes\HouseMaster\apps\web\.next\server\app\login\page.js.nft.json","15,3","19.08.2026 11:25:36"
"app-paths-manifest.json",".json","JSON","UNCLASSIFIED","OTHER","OUTSIDE A3 PRODUCTION","GENERAL / SOURCE","C:\Abay-Germes\HouseMaster\apps\web\.next\server\app\login\page","C:\Abay-Germes\HouseMaster\apps\web\.next\server\app\login\page\app-paths-manifest.json","0","19.08.2026 11:25:36"
"build-manifest.json",".json","JSON","UNCLASSIFIED","OTHER","OUTSIDE A3 PRODUCTION","GENERAL / SOURCE","C:\Abay-Germes\HouseMaster\apps\web\.next\server\app\login\page","C:\Abay-Germes\HouseMaster\apps\web\.next\server\app\login\page\build-manifest.json","0,4","19.08.2026 11:25:36"
"next-font-manifest.json",".json","JSON","UNCLASSIFIED","OTHER","OUTSIDE A3 PRODUCTION","GENERAL / SOURCE","C:\Abay-Germes\HouseMaster\apps\web\.next\server\app\login\page","C:\Abay-Germes\HouseMaster\apps\web\.next\server\app\login\page\next-font-manifest.json","0,3","19.08.2026 11:25:36"
"react-loadable-manifest.json",".json","JSON","UNCLASSIFIED","OTHER","OUTSIDE A3 PRODUCTION","GENERAL / SOURCE","C:\Abay-Germes\HouseMaster\apps\web\.next\server\app\login\page","C:\Abay-Germes\HouseMaster\apps\web\.next\server\app\login\page\react-loadable-manifest.json","0","19.08.2026 11:25:36"
"server-reference-manifest.json",".json","JSON","UNCLASSIFIED","OTHER","OUTSIDE A3 PRODUCTION","GENERAL / SOURCE","C:\Abay-Germes\HouseMaster\apps\web\.next\server\app\login\page","C:\Abay-Germes\HouseMaster\apps\web\.next\server\app\login\page\server-reference-manifest.json","0","19.08.2026 11:25:36"
"page_client-reference-manifest.js",".js","JS","UNCLASSIFIED","OTHER","OUTSIDE A3 PRODUCTION","GENERAL / SOURCE","C:\Abay-Germes\HouseMaster\apps\web\.next\server\app\login","C:\Abay-Germes\HouseMaster\apps\web\.next\server\app\login\page_client-reference-manifest.js","9,1","19.08.2026 11:25:36"
"page.js",".js","JS","UNCLASSIFIED","OTHER","OUTSIDE A3 PRODUCTION","GENERAL / SOURCE","C:\Abay-Germes\HouseMaster\apps\web\.next\server\app","C:\Abay-Germes\HouseMaster\apps\web\.next\server\app\page.js","0,9","19.08.2026 11:25:36"
"page.js.map",".map","MAP","UNCLASSIFIED","OTHER","OUTSIDE A3 PRODUCTION","GENERAL / SOURCE","C:\Abay-Germes\HouseMaster\apps\web\.next\server\app","C:\Abay-Germes\HouseMaster\apps\web\.next\server\app\page.js.map","0,1","19.08.2026 11:25:36"
"page.js.nft.json",".json","JSON","UNCLASSIFIED","OTHER","OUTSIDE A3 PRODUCTION","GENERAL / SOURCE","C:\Abay-Germes\HouseMaster\apps\web\.next\server\app","C:\Abay-Germes\HouseMaster\apps\web\.next\server\app\page.js.nft.json","15","19.08.2026 11:25:36"
"app-paths-manifest.json",".json","JSON","UNCLASSIFIED","OTHER","OUTSIDE A3 PRODUCTION","GENERAL / SOURCE","C:\Abay-Germes\HouseMaster\apps\web\.next\server\app\page","C:\Abay-Germes\HouseMaster\apps\web\.next\server\app\page\app-paths-manifest.json","0","19.08.2026 11:25:36"
"build-manifest.json",".json","JSON","UNCLASSIFIED","OTHER","OUTSIDE A3 PRODUCTION","GENERAL / SOURCE","C:\Abay-Germes\HouseMaster\apps\web\.next\server\app\page","C:\Abay-Germes\HouseMaster\apps\web\.next\server\app\page\build-manifest.json","0,4","19.08.2026 11:25:36"
"next-font-manifest.json",".json","JSON","UNCLASSIFIED","OTHER","OUTSIDE A3 PRODUCTION","GENERAL / SOURCE","C:\Abay-Germes\HouseMaster\apps\web\.next\server\app\page","C:\Abay-Germes\HouseMaster\apps\web\.next\server\app\page\next-font-manifest.json","0,3","19.08.2026 11:25:36"
"react-loadable-manifest.json",".json","JSON","UNCLASSIFIED","OTHER","OUTSIDE A3 PRODUCTION","GENERAL / SOURCE","C:\Abay-Germes\HouseMaster\apps\web\.next\server\app\page","C:\Abay-Germes\HouseMaster\apps\web\.next\server\app\page\react-loadable-manifest.json","0","19.08.2026 11:25:36"
"server-reference-manifest.json",".json","JSON","UNCLASSIFIED","OTHER","OUTSIDE A3 PRODUCTION","GENERAL / SOURCE","C:\Abay-Germes\HouseMaster\apps\web\.next\server\app\page","C:\Abay-Germes\HouseMaster\apps\web\.next\server\app\page\server-reference-manifest.json","0","19.08.2026 11:25:36"
"page_client-reference-manifest.js",".js","JS","UNCLASSIFIED","OTHER","OUTSIDE A3 PRODUCTION","GENERAL / SOURCE","C:\Abay-Germes\HouseMaster\apps\web\.next\server\app","C:\Abay-Germes\HouseMaster\apps\web\.next\server\app\page_client-reference-manifest.js","9,3","19.08.2026 11:25:36"
"app-paths-manifest.json",".json","JSON","UNCLASSIFIED","OTHER","OUTSIDE A3 PRODUCTION","GENERAL / SOURCE","C:\Abay-Germes\HouseMaster\apps\web\.next\server","C:\Abay-Germes\HouseMaster\apps\web\.next\server\app-paths-manifest.json","0,4","19.08.2026 11:25:36"
"[externals]__0c2po-s._.js",".js","JS","UNCLASSIFIED","OTHER","OUTSIDE A3 PRODUCTION","GENERAL / SOURCE","C:\Abay-Germes\HouseMaster\apps\web\.next\server\chunks","C:\Abay-Germes\HouseMaster\apps\web\.next\server\chunks\[externals]__0c2po-s._.js","1,2","19.08.2026 11:25:36"
"[externals]__0c2po-s._.js.map",".map","MAP","UNCLASSIFIED","OTHER","OUTSIDE A3 PRODUCTION","GENERAL / SOURCE","C:\Abay-Germes\HouseMaster\apps\web\.next\server\chunks","C:\Abay-Germes\HouseMaster\apps\web\.next\server\chunks\[externals]__0c2po-s._.js.map","0","19.08.2026 11:25:36"
"[externals]__17fl0r9._.js",".js","JS","UNCLASSIFIED","OTHER","OUTSIDE A3 PRODUCTION","GENERAL / SOURCE","C:\Abay-Germes\HouseMaster\apps\web\.next\server\chunks","C:\Abay-Germes\HouseMaster\apps\web\.next\server\chunks\[externals]__17fl0r9._.js","1,2","19.08.2026 11:25:36"
"[externals]__17fl0r9._.js.map",".map","MAP","UNCLASSIFIED","OTHER","OUTSIDE A3 PRODUCTION","GENERAL / SOURCE","C:\Abay-Germes\HouseMaster\apps\web\.next\server\chunks","C:\Abay-Germes\HouseMaster\apps\web\.next\server\chunks\[externals]__17fl0r9._.js.map","0","19.08.2026 11:25:36"
"[externals]_next_dist_1ce_grm._.js",".js","JS","UNCLASSIFIED","OTHER","OUTSIDE A3 PRODUCTION","GENERAL / SOURCE","C:\Abay-Germes\HouseMaster\apps\web\.next\server\chunks","C:\Abay-Germes\HouseMaster\apps\web\.next\server\chunks\[externals]_next_dist_1ce_grm._.js","1","19.08.2026 11:25:36"
"[externals]_next_dist_1ce_grm._.js.map",".map","MAP","UNCLASSIFIED","OTHER","OUTSIDE A3 PRODUCTION","GENERAL / SOURCE","C:\Abay-Germes\HouseMaster\apps\web\.next\server\chunks","C:\Abay-Germes\HouseMaster\apps\web\.next\server\chunks\[externals]_next_dist_1ce_grm._.js.map","0","19.08.2026 11:25:36"
"[root-of-the-server]__0rm-yp-._.js",".js","JS","UNCLASSIFIED","OTHER","OUTSIDE A3 PRODUCTION","GENERAL / SOURCE","C:\Abay-Germes\HouseMaster\apps\web\.next\server\chunks","C:\Abay-Germes\HouseMaster\apps\web\.next\server\chunks\[root-of-the-server]__0rm-yp-._.js","23,5","19.08.2026 11:25:36"
"[root-of-the-server]__0rm-yp-._.js.map",".map","MAP","UNCLASSIFIED","OTHER","OUTSIDE A3 PRODUCTION","GENERAL / SOURCE","C:\Abay-Germes\HouseMaster\apps\web\.next\server\chunks","C:\Abay-Germes\HouseMaster\apps\web\.next\server\chunks\[root-of-the-server]__0rm-yp-._.js.map","100,5","19.08.2026 11:25:36"
"[root-of-the-server]__153xm-2._.js",".js","JS","UNCLASSIFIED","OTHER","OUTSIDE A3 PRODUCTION","GENERAL / SOURCE","C:\Abay-Germes\HouseMaster\apps\web\.next\server\chunks","C:\Abay-Germes\HouseMaster\apps\web\.next\server\chunks\[root-of-the-server]__153xm-2._.js","154,4","19.08.2026 11:25:36"
"[root-of-the-server]__153xm-2._.js.map",".map","MAP","UNCLASSIFIED","OTHER","OUTSIDE A3 PRODUCTION","GENERAL / SOURCE","C:\Abay-Germes\HouseMaster\apps\web\.next\server\chunks","C:\Abay-Germes\HouseMaster\apps\web\.next\server\chunks\[root-of-the-server]__153xm-2._.js.map","716","19.08.2026 11:25:36"
"[root-of-the-server]__1a2st8w._.js",".js","JS","UNCLASSIFIED","OTHER","OUTSIDE A3 PRODUCTION","GENERAL / SOURCE","C:\Abay-Germes\HouseMaster\apps\web\.next\server\chunks","C:\Abay-Germes\HouseMaster\apps\web\.next\server\chunks\[root-of-the-server]__1a2st8w._.js","369,8","19.08.2026 11:25:36"
"[root-of-the-server]__1a2st8w._.js.map",".map","MAP","UNCLASSIFIED","OTHER","OUTSIDE A3 PRODUCTION","GENERAL / SOURCE","C:\Abay-Germes\HouseMaster\apps\web\.next\server\chunks","C:\Abay-Germes\HouseMaster\apps\web\.next\server\chunks\[root-of-the-server]__1a2st8w._.js.map","1572","19.08.2026 11:25:36"
"[turbopack]_runtime.js",".js","JS","UNCLASSIFIED","OTHER","OUTSIDE A3 PRODUCTION","GENERAL / SOURCE","C:\Abay-Germes\HouseMaster\apps\web\.next\server\chunks","C:\Abay-Germes\HouseMaster\apps\web\.next\server\chunks\[turbopack]_runtime.js","33,4","19.08.2026 11:25:36"
"[turbopack]_runtime.js.map",".map","MAP","UNCLASSIFIED","OTHER","OUTSIDE A3 PRODUCTION","GENERAL / SOURCE","C:\Abay-Germes\HouseMaster\apps\web\.next\server\chunks","C:\Abay-Germes\HouseMaster\apps\web\.next\server\chunks\[turbopack]_runtime.js.map","61,3","19.08.2026 11:25:36"
"1e9k_next_05topdz._.js",".js","JS","UNCLASSIFIED","OTHER","OUTSIDE A3 PRODUCTION","GENERAL / SOURCE","C:\Abay-Germes\HouseMaster\apps\web\.next\server\chunks","C:\Abay-Germes\HouseMaster\apps\web\.next\server\chunks\1e9k_next_05topdz._.js","187,6","19.08.2026 11:25:36"
"1e9k_next_05topdz._.js.map",".map","MAP","UNCLASSIFIED","OTHER","OUTSIDE A3 PRODUCTION","GENERAL / SOURCE","C:\Abay-Germes\HouseMaster\apps\web\.next\server\chunks","C:\Abay-Germes\HouseMaster\apps\web\.next\server\chunks\1e9k_next_05topdz._.js.map","696,6","19.08.2026 11:25:36"
"1e9k_next_dist_esm_build_templates_app-route_1thxhjo.js",".js","JS","UNCLASSIFIED","OTHER","OUTSIDE A3 PRODUCTION","GENERAL / SOURCE","C:\Abay-Germes\HouseMaster\apps\web\.next\server\chunks","C:\Abay-Germes\HouseMaster\apps\web\.next\server\chunks\1e9k_next_dist_esm_build_templates_app-route_1thxhjo.js","40,3","19.08.2026 11:25:36"
"1e9k_next_dist_esm_build_templates_app-route_1thxhjo.js.map",".map","MAP","UNCLASSIFIED","OTHER","OUTSIDE A3 PRODUCTION","GENERAL / SOURCE","C:\Abay-Germes\HouseMaster\apps\web\.next\server\chunks","C:\Abay-Germes\HouseMaster\apps\web\.next\server\chunks\1e9k_next_dist_esm_build_templates_app-route_1thxhjo.js.map","59,9","19.08.2026 11:25:36"
"apps_web__next-internal_server_app_api_auth_[___nextauth]_route_actions_0cwnx2s.js",".js","JS","UNCLASSIFIED","OTHER","OUTSIDE A3 PRODUCTION","GENERAL / SOURCE","C:\Abay-Germes\HouseMaster\apps\web\.next\server\chunks","C:\Abay-Germes\HouseMaster\apps\web\.next\server\chunks\apps_web__next-internal_server_app_api_auth_[___nextauth]_route_actions_0cwnx2s.js","0,1","19.08.2026 11:25:36"
"apps_web__next-internal_server_app_api_auth_[___nextauth]_route_actions_0cwnx2s.js.map",".map","MAP","UNCLASSIFIED","OTHER","OUTSIDE A3 PRODUCTION","GENERAL / SOURCE","C:\Abay-Germes\HouseMaster\apps\web\.next\server\chunks","C:\Abay-Germes\HouseMaster\apps\web\.next\server\chunks\apps_web__next-internal_server_app_api_auth_[___nextauth]_route_actions_0cwnx2s.js.map","0","19.08.2026 11:25:36"
"apps_web__next-internal_server_app_api_health_db_route_actions_03w8zht.js",".js","JS","UNCLASSIFIED","OTHER","OUTSIDE A3 PRODUCTION","GENERAL / SOURCE","C:\Abay-Germes\HouseMaster\apps\web\.next\server\chunks","C:\Abay-Germes\HouseMaster\apps\web\.next\server\chunks\apps_web__next-internal_server_app_api_health_db_route_actions_03w8zht.js","0,1","19.08.2026 11:25:36"
"apps_web__next-internal_server_app_api_health_db_route_actions_03w8zht.js.map",".map","MAP","UNCLASSIFIED","OTHER","OUTSIDE A3 PRODUCTION","GENERAL / SOURCE","C:\Abay-Germes\HouseMaster\apps\web\.next\server\chunks","C:\Abay-Germes\HouseMaster\apps\web\.next\server\chunks\apps_web__next-internal_server_app_api_health_db_route_actions_03w8zht.js.map","0","19.08.2026 11:25:36"
"apps_web__next-internal_server_app_favicon_ico_route_actions_0u51f7q.js",".js","JS","UNCLASSIFIED","OTHER","OUTSIDE A3 PRODUCTION","GENERAL / SOURCE","C:\Abay-Germes\HouseMaster\apps\web\.next\server\chunks","C:\Abay-Germes\HouseMaster\apps\web\.next\server\chunks\apps_web__next-internal_server_app_favicon_ico_route_actions_0u51f7q.js","0,1","19.08.2026 11:25:36"
"apps_web__next-internal_server_app_favicon_ico_route_actions_0u51f7q.js.map",".map","MAP","UNCLASSIFIED","OTHER","OUTSIDE A3 PRODUCTION","GENERAL / SOURCE","C:\Abay-Germes\HouseMaster\apps\web\.next\server\chunks","C:\Abay-Germes\HouseMaster\apps\web\.next\server\chunks\apps_web__next-internal_server_app_favicon_ico_route_actions_0u51f7q.js.map","0","19.08.2026 11:25:36"
"[root-of-the-server]__02ar7aq._.js",".js","JS","UNCLASSIFIED","OTHER","OUTSIDE A3 PRODUCTION","GENERAL / SOURCE","C:\Abay-Germes\HouseMaster\apps\web\.next\server\chunks\ssr","C:\Abay-Germes\HouseMaster\apps\web\.next\server\chunks\ssr\[root-of-the-server]__02ar7aq._.js","14,8","19.08.2026 11:25:36"
"[root-of-the-server]__02ar7aq._.js.map",".map","MAP","UNCLASSIFIED","OTHER","OUTSIDE A3 PRODUCTION","GENERAL / SOURCE","C:\Abay-Germes\HouseMaster\apps\web\.next\server\chunks\ssr","C:\Abay-Germes\HouseMaster\apps\web\.next\server\chunks\ssr\[root-of-the-server]__02ar7aq._.js.map","37,8","19.08.2026 11:25:36"
"[root-of-the-server]__04p6thz._.js",".js","JS","UNCLASSIFIED","OTHER","OUTSIDE A3 PRODUCTION","GENERAL / SOURCE","C:\Abay-Germes\HouseMaster\apps\web\.next\server\chunks\ssr","C:\Abay-Germes\HouseMaster\apps\web\.next\server\chunks\ssr\[root-of-the-server]__04p6thz._.js","12,3","19.08.2026 11:25:36"
"[root-of-the-server]__04p6thz._.js.map",".map","MAP","UNCLASSIFIED","OTHER","OUTSIDE A3 PRODUCTION","GENERAL / SOURCE","C:\Abay-Germes\HouseMaster\apps\web\.next\server\chunks\ssr","C:\Abay-Germes\HouseMaster\apps\web\.next\server\chunks\ssr\[root-of-the-server]__04p6thz._.js.map","59,8","19.08.2026 11:25:36"
"[root-of-the-server]__0gratdp._.js",".js","JS","UNCLASSIFIED","OTHER","OUTSIDE A3 PRODUCTION","GENERAL / SOURCE","C:\Abay-Germes\HouseMaster\apps\web\.next\server\chunks\ssr","C:\Abay-Germes\HouseMaster\apps\web\.next\server\chunks\ssr\[root-of-the-server]__0gratdp._.js","8","19.08.2026 11:25:36"
"[root-of-the-server]__0gratdp._.js.map",".map","MAP","UNCLASSIFIED","OTHER","OUTSIDE A3 PRODUCTION","GENERAL / SOURCE","C:\Abay-Germes\HouseMaster\apps\web\.next\server\chunks\ssr","C:\Abay-Germes\HouseMaster\apps\web\.next\server\chunks\ssr\[root-of-the-server]__0gratdp._.js.map","51","19.08.2026 11:25:36"
"[root-of-the-server]__0ov-lxz._.js",".js","JS","UNCLASSIFIED","OTHER","OUTSIDE A3 PRODUCTION","GENERAL / SOURCE","C:\Abay-Germes\HouseMaster\apps\web\.next\server\chunks\ssr","C:\Abay-Germes\HouseMaster\apps\web\.next\server\chunks\ssr\[root-of-the-server]__0ov-lxz._.js","210,5","19.08.2026 11:25:36"
"[root-of-the-server]__0ov-lxz._.js.map",".map","MAP","UNCLASSIFIED","OTHER","OUTSIDE A3 PRODUCTION","GENERAL / SOURCE","C:\Abay-Germes\HouseMaster\apps\web\.next\server\chunks\ssr","C:\Abay-Germes\HouseMaster\apps\web\.next\server\chunks\ssr\[root-of-the-server]__0ov-lxz._.js.map","1180,7","19.08.2026 11:25:36"
"[root-of-the-server]__0vfr5l5._.js",".js","JS","UNCLASSIFIED","OTHER","OUTSIDE A3 PRODUCTION","GENERAL / SOURCE","C:\Abay-Germes\HouseMaster\apps\web\.next\server\chunks\ssr","C:\Abay-Germes\HouseMaster\apps\web\.next\server\chunks\ssr\[root-of-the-server]__0vfr5l5._.js","10,9","19.08.2026 11:25:36"
"[root-of-the-server]__0vfr5l5._.js.map",".map","MAP","UNCLASSIFIED","OTHER","OUTSIDE A3 PRODUCTION","GENERAL / SOURCE","C:\Abay-Germes\HouseMaster\apps\web\.next\server\chunks\ssr","C:\Abay-Germes\HouseMaster\apps\web\.next\server\chunks\ssr\[root-of-the-server]__0vfr5l5._.js.map","30,2","19.08.2026 11:25:36"
"[root-of-the-server]__1b3_07m._.js",".js","JS","UNCLASSIFIED","OTHER","OUTSIDE A3 PRODUCTION","GENERAL / SOURCE","C:\Abay-Germes\HouseMaster\apps\web\.next\server\chunks\ssr","C:\Abay-Germes\HouseMaster\apps\web\.next\server\chunks\ssr\[root-of-the-server]__1b3_07m._.js","9,3","19.08.2026 11:25:36"
"[root-of-the-server]__1b3_07m._.js.map",".map","MAP","UNCLASSIFIED","OTHER","OUTSIDE A3 PRODUCTION","GENERAL / SOURCE","C:\Abay-Germes\HouseMaster\apps\web\.next\server\chunks\ssr","C:\Abay-Germes\HouseMaster\apps\web\.next\server\chunks\ssr\[root-of-the-server]__1b3_07m._.js.map","9,9","19.08.2026 11:25:36"
"[root-of-the-server]__1f4rlpp._.js",".js","JS","UNCLASSIFIED","OTHER","OUTSIDE A3 PRODUCTION","GENERAL / SOURCE","C:\Abay-Germes\HouseMaster\apps\web\.next\server\chunks\ssr","C:\Abay-Germes\HouseMaster\apps\web\.next\server\chunks\ssr\[root-of-the-server]__1f4rlpp._.js","7,5","19.08.2026 11:25:36"
"[root-of-the-server]__1f4rlpp._.js.map",".map","MAP","UNCLASSIFIED","OTHER","OUTSIDE A3 PRODUCTION","GENERAL / SOURCE","C:\Abay-Germes\HouseMaster\apps\web\.next\server\chunks\ssr","C:\Abay-Germes\HouseMaster\apps\web\.next\server\chunks\ssr\[root-of-the-server]__1f4rlpp._.js.map","16,1","19.08.2026 11:25:36"
"[root-of-the-server]__1j4-3v_._.js",".js","JS","UNCLASSIFIED","OTHER","OUTSIDE A3 PRODUCTION","GENERAL / SOURCE","C:\Abay-Germes\HouseMaster\apps\web\.next\server\chunks\ssr","C:\Abay-Germes\HouseMaster\apps\web\.next\server\chunks\ssr\[root-of-the-server]__1j4-3v_._.js","9,7","19.08.2026 11:25:36"
"[root-of-the-server]__1j4-3v_._.js.map",".map","MAP","UNCLASSIFIED","OTHER","OUTSIDE A3 PRODUCTION","GENERAL / SOURCE","C:\Abay-Germes\HouseMaster\apps\web\.next\server\chunks\ssr","C:\Abay-Germes\HouseMaster\apps\web\.next\server\chunks\ssr\[root-of-the-server]__1j4-3v_._.js.map","35","19.08.2026 11:25:36"
"[root-of-the-server]__1m1sww0._.js",".js","JS","UNCLASSIFIED","OTHER","OUTSIDE A3 PRODUCTION","GENERAL / SOURCE","C:\Abay-Germes\HouseMaster\apps\web\.next\server\chunks\ssr","C:\Abay-Germes\HouseMaster\apps\web\.next\server\chunks\ssr\[root-of-the-server]__1m1sww0._.js","10,5","19.08.2026 11:25:36"
"[root-of-the-server]__1m1sww0._.js.map",".map","MAP","UNCLASSIFIED","OTHER","OUTSIDE A3 PRODUCTION","GENERAL / SOURCE","C:\Abay-Germes\HouseMaster\apps\web\.next\server\chunks\ssr","C:\Abay-Germes\HouseMaster\apps\web\.next\server\chunks\ssr\[root-of-the-server]__1m1sww0._.js.map","32,7","19.08.2026 11:25:36"
"[root-of-the-server]__1mjhl6n._.js",".js","JS","UNCLASSIFIED","OTHER","OUTSIDE A3 PRODUCTION","GENERAL / SOURCE","C:\Abay-Germes\HouseMaster\apps\web\.next\server\chunks\ssr","C:\Abay-Germes\HouseMaster\apps\web\.next\server\chunks\ssr\[root-of-the-server]__1mjhl6n._.js","1,1","19.08.2026 11:25:36"
"[root-of-the-server]__1mjhl6n._.js.map",".map","MAP","UNCLASSIFIED","OTHER","OUTSIDE A3 PRODUCTION","GENERAL / SOURCE","C:\Abay-Germes\HouseMaster\apps\web\.next\server\chunks\ssr","C:\Abay-Germes\HouseMaster\apps\web\.next\server\chunks\ssr\[root-of-the-server]__1mjhl6n._.js.map","3","19.08.2026 11:25:36"
"[root-of-the-server]__1pii9ni._.js",".js","JS","UNCLASSIFIED","OTHER","OUTSIDE A3 PRODUCTION","GENERAL / SOURCE","C:\Abay-Germes\HouseMaster\apps\web\.next\server\chunks\ssr","C:\Abay-Germes\HouseMaster\apps\web\.next\server\chunks\ssr\[root-of-the-server]__1pii9ni._.js","9,3","19.08.2026 11:25:36"
"[root-of-the-server]__1pii9ni._.js.map",".map","MAP","UNCLASSIFIED","OTHER","OUTSIDE A3 PRODUCTION","GENERAL / SOURCE","C:\Abay-Germes\HouseMaster\apps\web\.next\server\chunks\ssr","C:\Abay-Germes\HouseMaster\apps\web\.next\server\chunks\ssr\[root-of-the-server]__1pii9ni._.js.map","27,2","19.08.2026 11:25:36"
"[turbopack]_runtime.js",".js","JS","UNCLASSIFIED","OTHER","OUTSIDE A3 PRODUCTION","GENERAL / SOURCE","C:\Abay-Germes\HouseMaster\apps\web\.next\server\chunks\ssr","C:\Abay-Germes\HouseMaster\apps\web\.next\server\chunks\ssr\[turbopack]_runtime.js","33,4","19.08.2026 11:25:36"
"[turbopack]_runtime.js.map",".map","MAP","UNCLASSIFIED","OTHER","OUTSIDE A3 PRODUCTION","GENERAL / SOURCE","C:\Abay-Germes\HouseMaster\apps\web\.next\server\chunks\ssr","C:\Abay-Germes\HouseMaster\apps\web\.next\server\chunks\ssr\[turbopack]_runtime.js.map","61,3","19.08.2026 11:25:36"
"_1j5qsly._.js",".js","JS","UNCLASSIFIED","OTHER","OUTSIDE A3 PRODUCTION","GENERAL / SOURCE","C:\Abay-Germes\HouseMaster\apps\web\.next\server\chunks\ssr","C:\Abay-Germes\HouseMaster\apps\web\.next\server\chunks\ssr\_1j5qsly._.js","44,3","19.08.2026 11:25:36"
"_1j5qsly._.js.map",".map","MAP","UNCLASSIFIED","OTHER","OUTSIDE A3 PRODUCTION","GENERAL / SOURCE","C:\Abay-Germes\HouseMaster\apps\web\.next\server\chunks\ssr","C:\Abay-Germes\HouseMaster\apps\web\.next\server\chunks\ssr\_1j5qsly._.js.map","150,8","19.08.2026 11:25:36"
"_1qoov_r._.js",".js","JS","UNCLASSIFIED","OTHER","OUTSIDE A3 PRODUCTION","GENERAL / SOURCE","C:\Abay-Germes\HouseMaster\apps\web\.next\server\chunks\ssr","C:\Abay-Germes\HouseMaster\apps\web\.next\server\chunks\ssr\_1qoov_r._.js","260,4","19.08.2026 11:25:36"
"_1qoov_r._.js.map",".map","MAP","UNCLASSIFIED","OTHER","OUTSIDE A3 PRODUCTION","GENERAL / SOURCE","C:\Abay-Germes\HouseMaster\apps\web\.next\server\chunks\ssr","C:\Abay-Germes\HouseMaster\apps\web\.next\server\chunks\ssr\_1qoov_r._.js.map","938,7","19.08.2026 11:25:36"
"1e9k_next_dist_0897xyn._.js",".js","JS","UNCLASSIFIED","OTHER","OUTSIDE A3 PRODUCTION","GENERAL / SOURCE","C:\Abay-Germes\HouseMaster\apps\web\.next\server\chunks\ssr","C:\Abay-Germes\HouseMaster\apps\web\.next\server\chunks\ssr\1e9k_next_dist_0897xyn._.js","99,5","19.08.2026 11:25:36"
"1e9k_next_dist_0897xyn._.js.map",".map","MAP","UNCLASSIFIED","OTHER","OUTSIDE A3 PRODUCTION","GENERAL / SOURCE","C:\Abay-Germes\HouseMaster\apps\web\.next\server\chunks\ssr","C:\Abay-Germes\HouseMaster\apps\web\.next\server\chunks\ssr\1e9k_next_dist_0897xyn._.js.map","713,3","19.08.2026 11:25:36"
"1e9k_next_dist_0acriir._.js",".js","JS","UNCLASSIFIED","OTHER","OUTSIDE A3 PRODUCTION","GENERAL / SOURCE","C:\Abay-Germes\HouseMaster\apps\web\.next\server\chunks\ssr","C:\Abay-Germes\HouseMaster\apps\web\.next\server\chunks\ssr\1e9k_next_dist_0acriir._.js","46,7","19.08.2026 11:25:36"
"1e9k_next_dist_0acriir._.js.map",".map","MAP","UNCLASSIFIED","OTHER","OUTSIDE A3 PRODUCTION","GENERAL / SOURCE","C:\Abay-Germes\HouseMaster\apps\web\.next\server\chunks\ssr","C:\Abay-Germes\HouseMaster\apps\web\.next\server\chunks\ssr\1e9k_next_dist_0acriir._.js.map","210,8","19.08.2026 11:25:36"
"1e9k_next_dist_0dcdltd._.js",".js","JS","UNCLASSIFIED","OTHER","OUTSIDE A3 PRODUCTION","GENERAL / SOURCE","C:\Abay-Germes\HouseMaster\apps\web\.next\server\chunks\ssr","C:\Abay-Germes\HouseMaster\apps\web\.next\server\chunks\ssr\1e9k_next_dist_0dcdltd._.js","13,6","19.08.2026 11:25:36"
"1e9k_next_dist_0dcdltd._.js.map",".map","MAP","UNCLASSIFIED","OTHER","OUTSIDE A3 PRODUCTION","GENERAL / SOURCE","C:\Abay-Germes\HouseMaster\apps\web\.next\server\chunks\ssr","C:\Abay-Germes\HouseMaster\apps\web\.next\server\chunks\ssr\1e9k_next_dist_0dcdltd._.js.map","81,8","19.08.2026 11:25:36"
"1e9k_next_dist_1oebadg._.js",".js","JS","UNCLASSIFIED","OTHER","OUTSIDE A3 PRODUCTION","GENERAL / SOURCE","C:\Abay-Germes\HouseMaster\apps\web\.next\server\chunks\ssr","C:\Abay-Germes\HouseMaster\apps\web\.next\server\chunks\ssr\1e9k_next_dist_1oebadg._.js","72,6","19.08.2026 11:25:36"
"1e9k_next_dist_1oebadg._.js.map",".map","MAP","UNCLASSIFIED","OTHER","OUTSIDE A3 PRODUCTION","GENERAL / SOURCE","C:\Abay-Germes\HouseMaster\apps\web\.next\server\chunks\ssr","C:\Abay-Germes\HouseMaster\apps\web\.next\server\chunks\ssr\1e9k_next_dist_1oebadg._.js.map","808,5","19.08.2026 11:25:36"
"1e9k_next_dist_client_components_0yf71j9._.js",".js","JS","UNCLASSIFIED","OTHER","OUTSIDE A3 PRODUCTION","GENERAL / SOURCE","C:\Abay-Germes\HouseMaster\apps\web\.next\server\chunks\ssr","C:\Abay-Germes\HouseMaster\apps\web\.next\server\chunks\ssr\1e9k_next_dist_client_components_0yf71j9._.js","2,5","19.08.2026 11:25:36"
"1e9k_next_dist_client_components_0yf71j9._.js.map",".map","MAP","UNCLASSIFIED","OTHER","OUTSIDE A3 PRODUCTION","GENERAL / SOURCE","C:\Abay-Germes\HouseMaster\apps\web\.next\server\chunks\ssr","C:\Abay-Germes\HouseMaster\apps\web\.next\server\chunks\ssr\1e9k_next_dist_client_components_0yf71j9._.js.map","4,5","19.08.2026 11:25:36"
"1e9k_next_dist_client_components_builtin_forbidden_1ggo7-6.js",".js","JS","UNCLASSIFIED","OTHER","OUTSIDE A3 PRODUCTION","GENERAL / SOURCE","C:\Abay-Germes\HouseMaster\apps\web\.next\server\chunks\ssr","C:\Abay-Germes\HouseMaster\apps\web\.next\server\chunks\ssr\1e9k_next_dist_client_components_builtin_forbidden_1ggo7-6.js","0,6","19.08.2026 11:25:36"
"1e9k_next_dist_client_components_builtin_forbidden_1ggo7-6.js.map",".map","MAP","UNCLASSIFIED","OTHER","OUTSIDE A3 PRODUCTION","GENERAL / SOURCE","C:\Abay-Germes\HouseMaster\apps\web\.next\server\chunks\ssr","C:\Abay-Germes\HouseMaster\apps\web\.next\server\chunks\ssr\1e9k_next_dist_client_components_builtin_forbidden_1ggo7-6.js.map","0,7","19.08.2026 11:25:36"
"1e9k_next_dist_client_components_builtin_global-error_00sump4.js",".js","JS","UNCLASSIFIED","OTHER","OUTSIDE A3 PRODUCTION","GENERAL / SOURCE","C:\Abay-Germes\HouseMaster\apps\web\.next\server\chunks\ssr","C:\Abay-Germes\HouseMaster\apps\web\.next\server\chunks\ssr\1e9k_next_dist_client_components_builtin_global-error_00sump4.js","0,6","19.08.2026 11:25:36"
"1e9k_next_dist_client_components_builtin_global-error_00sump4.js.map",".map","MAP","UNCLASSIFIED","OTHER","OUTSIDE A3 PRODUCTION","GENERAL / SOURCE","C:\Abay-Germes\HouseMaster\apps\web\.next\server\chunks\ssr","C:\Abay-Germes\HouseMaster\apps\web\.next\server\chunks\ssr\1e9k_next_dist_client_components_builtin_global-error_00sump4.js.map","3,4","19.08.2026 11:25:36"
"1e9k_next_dist_client_components_builtin_unauthorized_0pk5k4a.js",".js","JS","UNCLASSIFIED","OTHER","OUTSIDE A3 PRODUCTION","GENERAL / SOURCE","C:\Abay-Germes\HouseMaster\apps\web\.next\server\chunks\ssr","C:\Abay-Germes\HouseMaster\apps\web\.next\server\chunks\ssr\1e9k_next_dist_client_components_builtin_unauthorized_0pk5k4a.js","0,6","19.08.2026 11:25:36"
"1e9k_next_dist_client_components_builtin_unauthorized_0pk5k4a.js.map",".map","MAP","UNCLASSIFIED","OTHER","OUTSIDE A3 PRODUCTION","GENERAL / SOURCE","C:\Abay-Germes\HouseMaster\apps\web\.next\server\chunks\ssr","C:\Abay-Germes\HouseMaster\apps\web\.next\server\chunks\ssr\1e9k_next_dist_client_components_builtin_unauthorized_0pk5k4a.js.map","0,7","19.08.2026 11:25:36"
"1e9k_next_dist_esm_build_templates_app-page_0r6st8o.js",".js","JS","UNCLASSIFIED","OTHER","OUTSIDE A3 PRODUCTION","GENERAL / SOURCE","C:\Abay-Germes\HouseMaster\apps\web\.next\server\chunks\ssr","C:\Abay-Germes\HouseMaster\apps\web\.next\server\chunks\ssr\1e9k_next_dist_esm_build_templates_app-page_0r6st8o.js","22,5","19.08.2026 11:25:36"
"1e9k_next_dist_esm_build_templates_app-page_0r6st8o.js.map",".map","MAP","UNCLASSIFIED","OTHER","OUTSIDE A3 PRODUCTION","GENERAL / SOURCE","C:\Abay-Germes\HouseMaster\apps\web\.next\server\chunks\ssr","C:\Abay-Germes\HouseMaster\apps\web\.next\server\chunks\ssr\1e9k_next_dist_esm_build_templates_app-page_0r6st8o.js.map","116","19.08.2026 11:25:36"
"1e9k_next_dist_esm_build_templates_app-page_0y76c9_.js",".js","JS","UNCLASSIFIED","OTHER","OUTSIDE A3 PRODUCTION","GENERAL / SOURCE","C:\Abay-Germes\HouseMaster\apps\web\.next\server\chunks\ssr","C:\Abay-Germes\HouseMaster\apps\web\.next\server\chunks\ssr\1e9k_next_dist_esm_build_templates_app-page_0y76c9_.js","23","19.08.2026 11:25:36"
"1e9k_next_dist_esm_build_templates_app-page_0y76c9_.js.map",".map","MAP","UNCLASSIFIED","OTHER","OUTSIDE A3 PRODUCTION","GENERAL / SOURCE","C:\Abay-Germes\HouseMaster\apps\web\.next\server\chunks\ssr","C:\Abay-Germes\HouseMaster\apps\web\.next\server\chunks\ssr\1e9k_next_dist_esm_build_templates_app-page_0y76c9_.js.map","117,4","19.08.2026 11:25:36"
"1e9k_next_dist_esm_build_templates_app-page_1f5h62s.js",".js","JS","UNCLASSIFIED","OTHER","OUTSIDE A3 PRODUCTION","GENERAL / SOURCE","C:\Abay-Germes\HouseMaster\apps\web\.next\server\chunks\ssr","C:\Abay-Germes\HouseMaster\apps\web\.next\server\chunks\ssr\1e9k_next_dist_esm_build_templates_app-page_1f5h62s.js","23,2","19.08.2026 11:25:36"
"1e9k_next_dist_esm_build_templates_app-page_1f5h62s.js.map",".map","MAP","UNCLASSIFIED","OTHER","OUTSIDE A3 PRODUCTION","GENERAL / SOURCE","C:\Abay-Germes\HouseMaster\apps\web\.next\server\chunks\ssr","C:\Abay-Germes\HouseMaster\apps\web\.next\server\chunks\ssr\1e9k_next_dist_esm_build_templates_app-page_1f5h62s.js.map","117,5","19.08.2026 11:25:36"
"1e9k_next_dist_esm_build_templates_app-page_1hr3gmm.js",".js","JS","UNCLASSIFIED","OTHER","OUTSIDE A3 PRODUCTION","GENERAL / SOURCE","C:\Abay-Germes\HouseMaster\apps\web\.next\server\chunks\ssr","C:\Abay-Germes\HouseMaster\apps\web\.next\server\chunks\ssr\1e9k_next_dist_esm_build_templates_app-page_1hr3gmm.js","23","19.08.2026 11:25:36"
"1e9k_next_dist_esm_build_templates_app-page_1hr3gmm.js.map",".map","MAP","UNCLASSIFIED","OTHER","OUTSIDE A3 PRODUCTION","GENERAL / SOURCE","C:\Abay-Germes\HouseMaster\apps\web\.next\server\chunks\ssr","C:\Abay-Germes\HouseMaster\apps\web\.next\server\chunks\ssr\1e9k_next_dist_esm_build_templates_app-page_1hr3gmm.js.map","117,2","19.08.2026 11:25:36"
"1e9k_next_dist_esm_build_templates_app-page_1tld299.js",".js","JS","UNCLASSIFIED","OTHER","OUTSIDE A3 PRODUCTION","GENERAL / SOURCE","C:\Abay-Germes\HouseMaster\apps\web\.next\server\chunks\ssr","C:\Abay-Germes\HouseMaster\apps\web\.next\server\chunks\ssr\1e9k_next_dist_esm_build_templates_app-page_1tld299.js","23","19.08.2026 11:25:36"
"1e9k_next_dist_esm_build_templates_app-page_1tld299.js.map",".map","MAP","UNCLASSIFIED","OTHER","OUTSIDE A3 PRODUCTION","GENERAL / SOURCE","C:\Abay-Germes\HouseMaster\apps\web\.next\server\chunks\ssr","C:\Abay-Germes\HouseMaster\apps\web\.next\server\chunks\ssr\1e9k_next_dist_esm_build_templates_app-page_1tld299.js.map","117,4","19.08.2026 11:25:36"
"apps_web__next-internal_server_app__global-error_page_actions_1vxuwj7.js",".js","JS","UNCLASSIFIED","OTHER","OUTSIDE A3 PRODUCTION","GENERAL / SOURCE","C:\Abay-Germes\HouseMaster\apps\web\.next\server\chunks\ssr","C:\Abay-Germes\HouseMaster\apps\web\.next\server\chunks\ssr\apps_web__next-internal_server_app__global-error_page_actions_1vxuwj7.js","0,1","19.08.2026 11:25:36"
"apps_web__next-internal_server_app__global-error_page_actions_1vxuwj7.js.map",".map","MAP","UNCLASSIFIED","OTHER","OUTSIDE A3 PRODUCTION","GENERAL / SOURCE","C:\Abay-Germes\HouseMaster\apps\web\.next\server\chunks\ssr","C:\Abay-Germes\HouseMaster\apps\web\.next\server\chunks\ssr\apps_web__next-internal_server_app__global-error_page_actions_1vxuwj7.js.map","0","19.08.2026 11:25:36"
"apps_web__next-internal_server_app__not-found_page_actions_0iqyci7.js",".js","JS","UNCLASSIFIED","OTHER","OUTSIDE A3 PRODUCTION","GENERAL / SOURCE","C:\Abay-Germes\HouseMaster\apps\web\.next\server\chunks\ssr","C:\Abay-Germes\HouseMaster\apps\web\.next\server\chunks\ssr\apps_web__next-internal_server_app__not-found_page_actions_0iqyci7.js","0,1","19.08.2026 11:25:36"
"apps_web__next-internal_server_app__not-found_page_actions_0iqyci7.js.map",".map","MAP","UNCLASSIFIED","OTHER","OUTSIDE A3 PRODUCTION","GENERAL / SOURCE","C:\Abay-Germes\HouseMaster\apps\web\.next\server\chunks\ssr","C:\Abay-Germes\HouseMaster\apps\web\.next\server\chunks\ssr\apps_web__next-internal_server_app__not-found_page_actions_0iqyci7.js.map","0","19.08.2026 11:25:36"
"apps_web__next-internal_server_app_login_page_actions_1cgde9j.js",".js","JS","UNCLASSIFIED","OTHER","OUTSIDE A3 PRODUCTION","GENERAL / SOURCE","C:\Abay-Germes\HouseMaster\apps\web\.next\server\chunks\ssr","C:\Abay-Germes\HouseMaster\apps\web\.next\server\chunks\ssr\apps_web__next-internal_server_app_login_page_actions_1cgde9j.js","0,1","19.08.2026 11:25:36"
"apps_web__next-internal_server_app_login_page_actions_1cgde9j.js.map",".map","MAP","UNCLASSIFIED","OTHER","OUTSIDE A3 PRODUCTION","GENERAL / SOURCE","C:\Abay-Germes\HouseMaster\apps\web\.next\server\chunks\ssr","C:\Abay-Germes\HouseMaster\apps\web\.next\server\chunks\ssr\apps_web__next-internal_server_app_login_page_actions_1cgde9j.js.map","0","19.08.2026 11:25:36"
"apps_web__next-internal_server_app_page_actions_1agtzgh.js",".js","JS","UNCLASSIFIED","OTHER","OUTSIDE A3 PRODUCTION","GENERAL / SOURCE","C:\Abay-Germes\HouseMaster\apps\web\.next\server\chunks\ssr","C:\Abay-Germes\HouseMaster\apps\web\.next\server\chunks\ssr\apps_web__next-internal_server_app_page_actions_1agtzgh.js","0,1","19.08.2026 11:25:36"
"apps_web__next-internal_server_app_page_actions_1agtzgh.js.map",".map","MAP","UNCLASSIFIED","OTHER","OUTSIDE A3 PRODUCTION","GENERAL / SOURCE","C:\Abay-Germes\HouseMaster\apps\web\.next\server\chunks\ssr","C:\Abay-Germes\HouseMaster\apps\web\.next\server\chunks\ssr\apps_web__next-internal_server_app_page_actions_1agtzgh.js.map","0","19.08.2026 11:25:36"
"node_modules__pnpm_056tohs._.js",".js","JS","UNCLASSIFIED","OTHER","OUTSIDE A3 PRODUCTION","GENERAL / SOURCE","C:\Abay-Germes\HouseMaster\apps\web\.next\server\chunks\ssr","C:\Abay-Germes\HouseMaster\apps\web\.next\server\chunks\ssr\node_modules__pnpm_056tohs._.js","2,3","19.08.2026 11:25:36"
"node_modules__pnpm_056tohs._.js.map",".map","MAP","UNCLASSIFIED","OTHER","OUTSIDE A3 PRODUCTION","GENERAL / SOURCE","C:\Abay-Germes\HouseMaster\apps\web\.next\server\chunks\ssr","C:\Abay-Germes\HouseMaster\apps\web\.next\server\chunks\ssr\node_modules__pnpm_056tohs._.js.map","8,8","19.08.2026 11:25:36"
"node_modules__pnpm_0juuhxd._.js",".js","JS","UNCLASSIFIED","OTHER","OUTSIDE A3 PRODUCTION","GENERAL / SOURCE","C:\Abay-Germes\HouseMaster\apps\web\.next\server\chunks\ssr","C:\Abay-Germes\HouseMaster\apps\web\.next\server\chunks\ssr\node_modules__pnpm_0juuhxd._.js","5,8","19.08.2026 11:25:36"
"node_modules__pnpm_0juuhxd._.js.map",".map","MAP","UNCLASSIFIED","OTHER","OUTSIDE A3 PRODUCTION","GENERAL / SOURCE","C:\Abay-Germes\HouseMaster\apps\web\.next\server\chunks\ssr","C:\Abay-Germes\HouseMaster\apps\web\.next\server\chunks\ssr\node_modules__pnpm_0juuhxd._.js.map","11,4","19.08.2026 11:25:36"
"node_modules__pnpm_0p--lvu._.js",".js","JS","UNCLASSIFIED","OTHER","OUTSIDE A3 PRODUCTION","GENERAL / SOURCE","C:\Abay-Germes\HouseMaster\apps\web\.next\server\chunks\ssr","C:\Abay-Germes\HouseMaster\apps\web\.next\server\chunks\ssr\node_modules__pnpm_0p--lvu._.js","2,1","19.08.2026 11:25:36"
"node_modules__pnpm_0p--lvu._.js.map",".map","MAP","UNCLASSIFIED","OTHER","OUTSIDE A3 PRODUCTION","GENERAL / SOURCE","C:\Abay-Germes\HouseMaster\apps\web\.next\server\chunks\ssr","C:\Abay-Germes\HouseMaster\apps\web\.next\server\chunks\ssr\node_modules__pnpm_0p--lvu._.js.map","9","19.08.2026 11:25:36"
"node_modules__pnpm_1jj512d._.js",".js","JS","UNCLASSIFIED","OTHER","OUTSIDE A3 PRODUCTION","GENERAL / SOURCE","C:\Abay-Germes\HouseMaster\apps\web\.next\server\chunks\ssr","C:\Abay-Germes\HouseMaster\apps\web\.next\server\chunks\ssr\node_modules__pnpm_1jj512d._.js","3,7","19.08.2026 11:25:36"
"node_modules__pnpm_1jj512d._.js.map",".map","MAP","UNCLASSIFIED","OTHER","OUTSIDE A3 PRODUCTION","GENERAL / SOURCE","C:\Abay-Germes\HouseMaster\apps\web\.next\server\chunks\ssr","C:\Abay-Germes\HouseMaster\apps\web\.next\server\chunks\ssr\node_modules__pnpm_1jj512d._.js.map","14,6","19.08.2026 11:25:36"
"functions-config-manifest.json",".json","JSON","UNCLASSIFIED","OTHER","OUTSIDE A3 PRODUCTION","GENERAL / SOURCE","C:\Abay-Germes\HouseMaster\apps\web\.next\server","C:\Abay-Germes\HouseMaster\apps\web\.next\server\functions-config-manifest.json","0,4","19.08.2026 11:25:46"
"interception-route-rewrite-manifest.js",".js","JS","UNCLASSIFIED","OTHER","OUTSIDE A3 PRODUCTION","GENERAL / SOURCE","C:\Abay-Germes\HouseMaster\apps\web\.next\server","C:\Abay-Germes\HouseMaster\apps\web\.next\server\interception-route-rewrite-manifest.js","0","19.08.2026 11:25:36"
"middleware.js",".js","JS","UNCLASSIFIED","OTHER","OUTSIDE A3 PRODUCTION","GENERAL / SOURCE","C:\Abay-Germes\HouseMaster\apps\web\.next\server","C:\Abay-Germes\HouseMaster\apps\web\.next\server\middleware.js","0,2","19.08.2026 11:25:36"
"middleware.js.map",".map","MAP","UNCLASSIFIED","OTHER","OUTSIDE A3 PRODUCTION","GENERAL / SOURCE","C:\Abay-Germes\HouseMaster\apps\web\.next\server","C:\Abay-Germes\HouseMaster\apps\web\.next\server\middleware.js.map","0,1","19.08.2026 11:25:36"
"middleware.js.nft.json",".json","JSON","UNCLASSIFIED","OTHER","OUTSIDE A3 PRODUCTION","GENERAL / SOURCE","C:\Abay-Germes\HouseMaster\apps\web\.next\server","C:\Abay-Germes\HouseMaster\apps\web\.next\server\middleware.js.nft.json","13,3","19.08.2026 11:25:36"
"middleware-manifest.json",".json","JSON","UNCLASSIFIED","OTHER","OUTSIDE A3 PRODUCTION","GENERAL / SOURCE","C:\Abay-Germes\HouseMaster\apps\web\.next\server\middleware","C:\Abay-Germes\HouseMaster\apps\web\.next\server\middleware\middleware-manifest.json","0,1","19.08.2026 11:25:36"
"middleware-build-manifest.js",".js","JS","UNCLASSIFIED","OTHER","OUTSIDE A3 PRODUCTION","GENERAL / SOURCE","C:\Abay-Germes\HouseMaster\apps\web\.next\server","C:\Abay-Germes\HouseMaster\apps\web\.next\server\middleware-build-manifest.js","0,6","19.08.2026 11:25:36"
"middleware-manifest.json",".json","JSON","UNCLASSIFIED","OTHER","OUTSIDE A3 PRODUCTION","GENERAL / SOURCE","C:\Abay-Germes\HouseMaster\apps\web\.next\server","C:\Abay-Germes\HouseMaster\apps\web\.next\server\middleware-manifest.json","0,1","19.08.2026 11:25:36"
"next-font-manifest.js",".js","JS","UNCLASSIFIED","OTHER","OUTSIDE A3 PRODUCTION","GENERAL / SOURCE","C:\Abay-Germes\HouseMaster\apps\web\.next\server","C:\Abay-Germes\HouseMaster\apps\web\.next\server\next-font-manifest.js","0,9","19.08.2026 11:25:36"
"next-font-manifest.json",".json","JSON","UNCLASSIFIED","OTHER","OUTSIDE A3 PRODUCTION","GENERAL / SOURCE","C:\Abay-Germes\HouseMaster\apps\web\.next\server","C:\Abay-Germes\HouseMaster\apps\web\.next\server\next-font-manifest.json","0,8","19.08.2026 11:25:36"
"404.html",".html","HTML","UNCLASSIFIED","OTHER","OUTSIDE A3 PRODUCTION","GENERAL / SOURCE","C:\Abay-Germes\HouseMaster\apps\web\.next\server\pages","C:\Abay-Germes\HouseMaster\apps\web\.next\server\pages\404.html","9,1","19.08.2026 11:25:47"
"500.html",".html","HTML","UNCLASSIFIED","OTHER","OUTSIDE A3 PRODUCTION","GENERAL / SOURCE","C:\Abay-Germes\HouseMaster\apps\web\.next\server\pages","C:\Abay-Germes\HouseMaster\apps\web\.next\server\pages\500.html","9,5","19.08.2026 11:25:47"
"pages-manifest.json",".json","JSON","UNCLASSIFIED","OTHER","OUTSIDE A3 PRODUCTION","GENERAL / SOURCE","C:\Abay-Germes\HouseMaster\apps\web\.next\server","C:\Abay-Germes\HouseMaster\apps\web\.next\server\pages-manifest.json","0,1","19.08.2026 11:25:47"
"prefetch-hints.json",".json","JSON","UNCLASSIFIED","OTHER","OUTSIDE A3 PRODUCTION","GENERAL / SOURCE","C:\Abay-Germes\HouseMaster\apps\web\.next\server","C:\Abay-Germes\HouseMaster\apps\web\.next\server\prefetch-hints.json","0","19.08.2026 11:25:47"
"server-reference-manifest.js",".js","JS","UNCLASSIFIED","OTHER","OUTSIDE A3 PRODUCTION","GENERAL / SOURCE","C:\Abay-Germes\HouseMaster\apps\web\.next\server","C:\Abay-Germes\HouseMaster\apps\web\.next\server\server-reference-manifest.js","0,6","19.08.2026 11:25:36"
"server-reference-manifest.json",".json","JSON","UNCLASSIFIED","OTHER","OUTSIDE A3 PRODUCTION","GENERAL / SOURCE","C:\Abay-Germes\HouseMaster\apps\web\.next\server","C:\Abay-Germes\HouseMaster\apps\web\.next\server\server-reference-manifest.json","0,5","19.08.2026 11:25:36"
"app-path-routes-manifest.json",".json","JSON","UNCLASSIFIED","OTHER","OUTSIDE A3 PRODUCTION","GENERAL / SOURCE","C:\Abay-Germes\HouseMaster\apps\web\.next\standalone\apps\web\.next","C:\Abay-Germes\HouseMaster\apps\web\.next\standalone\apps\web\.next\app-path-routes-manifest.json","0,3","19.08.2026 11:25:44"
"BUILD_ID","","","UNCLASSIFIED","OTHER","OUTSIDE A3 PRODUCTION","GENERAL / SOURCE","C:\Abay-Germes\HouseMaster\apps\web\.next\standalone\apps\web\.next","C:\Abay-Germes\HouseMaster\apps\web\.next\standalone\apps\web\.next\BUILD_ID","0","19.08.2026 11:25:46"
"build-manifest.json",".json","JSON","UNCLASSIFIED","OTHER","OUTSIDE A3 PRODUCTION","GENERAL / SOURCE","C:\Abay-Germes\HouseMaster\apps\web\.next\standalone\apps\web\.next","C:\Abay-Germes\HouseMaster\apps\web\.next\standalone\apps\web\.next\build-manifest.json","0,6","19.08.2026 11:25:36"
"package.json",".json","JSON","UNCLASSIFIED","OTHER","OUTSIDE A3 PRODUCTION","GENERAL / SOURCE","C:\Abay-Germes\HouseMaster\apps\web\.next\standalone\apps\web\.next","C:\Abay-Germes\HouseMaster\apps\web\.next\standalone\apps\web\.next\package.json","0","19.08.2026 11:25:21"
"prerender-manifest.json",".json","JSON","UNCLASSIFIED","OTHER","OUTSIDE A3 PRODUCTION","GENERAL / SOURCE","C:\Abay-Germes\HouseMaster\apps\web\.next\standalone\apps\web\.next","C:\Abay-Germes\HouseMaster\apps\web\.next\standalone\apps\web\.next\prerender-manifest.json","3,6","19.08.2026 11:25:47"
"required-server-files.json",".json","JSON","UNCLASSIFIED","OTHER","OUTSIDE A3 PRODUCTION","GENERAL / SOURCE","C:\Abay-Germes\HouseMaster\apps\web\.next\standalone\apps\web\.next","C:\Abay-Germes\HouseMaster\apps\web\.next\standalone\apps\web\.next\required-server-files.json","9,2","19.08.2026 11:25:44"
"routes-manifest.json",".json","JSON","UNCLASSIFIED","OTHER","OUTSIDE A3 PRODUCTION","GENERAL / SOURCE","C:\Abay-Germes\HouseMaster\apps\web\.next\standalone\apps\web\.next","C:\Abay-Germes\HouseMaster\apps\web\.next\standalone\apps\web\.next\routes-manifest.json","2,3","19.08.2026 11:25:47"
"_global-error.html",".html","HTML","UNCLASSIFIED","OTHER","OUTSIDE A3 PRODUCTION","GENERAL / SOURCE","C:\Abay-Germes\HouseMaster\apps\web\.next\standalone\apps\web\.next\server\app","C:\Abay-Germes\HouseMaster\apps\web\.next\standalone\apps\web\.next\server\app\_global-error.html","9,5","19.08.2026 11:25:47"
"_global-error.meta",".meta","META","UNCLASSIFIED","OTHER","OUTSIDE A3 PRODUCTION","GENERAL / SOURCE","C:\Abay-Germes\HouseMaster\apps\web\.next\standalone\apps\web\.next\server\app","C:\Abay-Germes\HouseMaster\apps\web\.next\standalone\apps\web\.next\server\app\_global-error.meta","0,3","19.08.2026 11:25:47"
"_global-error.rsc",".rsc","RSC","UNCLASSIFIED","OTHER","OUTSIDE A3 PRODUCTION","GENERAL / SOURCE","C:\Abay-Germes\HouseMaster\apps\web\.next\standalone\apps\web\.next\server\app","C:\Abay-Germes\HouseMaster\apps\web\.next\standalone\apps\web\.next\server\app\_global-error.rsc","5","19.08.2026 11:25:47"
"__PAGE__.segment.rsc",".rsc","RSC","UNCLASSIFIED","OTHER","OUTSIDE A3 PRODUCTION","GENERAL / SOURCE","C:\Abay-Germes\HouseMaster\apps\web\.next\standalone\apps\web\.next\server\app\_global-error.segments","C:\Abay-Germes\HouseMaster\apps\web\.next\standalone\apps\web\.next\server\app\_global-error.segments\__PAGE__.segment.rsc","3,3","19.08.2026 11:25:47"
"_full.segment.rsc",".rsc","RSC","UNCLASSIFIED","OTHER","OUTSIDE A3 PRODUCTION","GENERAL / SOURCE","C:\Abay-Germes\HouseMaster\apps\web\.next\standalone\apps\web\.next\server\app\_global-error.segments","C:\Abay-Germes\HouseMaster\apps\web\.next\standalone\apps\web\.next\server\app\_global-error.segments\_full.segment.rsc","5","19.08.2026 11:25:47"
"_head.segment.rsc",".rsc","RSC","UNCLASSIFIED","OTHER","OUTSIDE A3 PRODUCTION","GENERAL / SOURCE","C:\Abay-Germes\HouseMaster\apps\web\.next\standalone\apps\web\.next\server\app\_global-error.segments","C:\Abay-Germes\HouseMaster\apps\web\.next\standalone\apps\web\.next\server\app\_global-error.segments\_head.segment.rsc","1","19.08.2026 11:25:47"
"_index.segment.rsc",".rsc","RSC","UNCLASSIFIED","OTHER","OUTSIDE A3 PRODUCTION","GENERAL / SOURCE","C:\Abay-Germes\HouseMaster\apps\web\.next\standalone\apps\web\.next\server\app\_global-error.segments","C:\Abay-Germes\HouseMaster\apps\web\.next\standalone\apps\web\.next\server\app\_global-error.segments\_index.segment.rsc","0,4","19.08.2026 11:25:47"
"_tree.segment.rsc",".rsc","RSC","UNCLASSIFIED","OTHER","OUTSIDE A3 PRODUCTION","GENERAL / SOURCE","C:\Abay-Germes\HouseMaster\apps\web\.next\standalone\apps\web\.next\server\app\_global-error.segments","C:\Abay-Germes\HouseMaster\apps\web\.next\standalone\apps\web\.next\server\app\_global-error.segments\_tree.segment.rsc","0,2","19.08.2026 11:25:47"
"page.js",".js","JS","UNCLASSIFIED","OTHER","OUTSIDE A3 PRODUCTION","GENERAL / SOURCE","C:\Abay-Germes\HouseMaster\apps\web\.next\standalone\apps\web\.next\server\app\_global-error","C:\Abay-Germes\HouseMaster\apps\web\.next\standalone\apps\web\.next\server\app\_global-error\page.js","0,6","19.08.2026 11:25:36"
"page.js.map",".map","MAP","UNCLASSIFIED","OTHER","OUTSIDE A3 PRODUCTION","GENERAL / SOURCE","C:\Abay-Germes\HouseMaster\apps\web\.next\standalone\apps\web\.next\server\app\_global-error","C:\Abay-Germes\HouseMaster\apps\web\.next\standalone\apps\web\.next\server\app\_global-error\page.js.map","0,1","19.08.2026 11:25:36"
"page.js.nft.json",".json","JSON","UNCLASSIFIED","OTHER","OUTSIDE A3 PRODUCTION","GENERAL / SOURCE","C:\Abay-Germes\HouseMaster\apps\web\.next\standalone\apps\web\.next\server\app\_global-error","C:\Abay-Germes\HouseMaster\apps\web\.next\standalone\apps\web\.next\server\app\_global-error\page.js.nft.json","14,9","19.08.2026 11:25:36"
"app-paths-manifest.json",".json","JSON","UNCLASSIFIED","OTHER","OUTSIDE A3 PRODUCTION","GENERAL / SOURCE","C:\Abay-Germes\HouseMaster\apps\web\.next\standalone\apps\web\.next\server\app\_global-error\page","C:\Abay-Germes\HouseMaster\apps\web\.next\standalone\apps\web\.next\server\app\_global-error\page\app-paths-manifest.json","0,1","19.08.2026 11:25:36"
"build-manifest.json",".json","JSON","UNCLASSIFIED","OTHER","OUTSIDE A3 PRODUCTION","GENERAL / SOURCE","C:\Abay-Germes\HouseMaster\apps\web\.next\standalone\apps\web\.next\server\app\_global-error\page","C:\Abay-Germes\HouseMaster\apps\web\.next\standalone\apps\web\.next\server\app\_global-error\page\build-manifest.json","0,4","19.08.2026 11:25:36"
"next-font-manifest.json",".json","JSON","UNCLASSIFIED","OTHER","OUTSIDE A3 PRODUCTION","GENERAL / SOURCE","C:\Abay-Germes\HouseMaster\apps\web\.next\standalone\apps\web\.next\server\app\_global-error\page","C:\Abay-Germes\HouseMaster\apps\web\.next\standalone\apps\web\.next\server\app\_global-error\page\next-font-manifest.json","0,1","19.08.2026 11:25:36"
"react-loadable-manifest.json",".json","JSON","UNCLASSIFIED","OTHER","OUTSIDE A3 PRODUCTION","GENERAL / SOURCE","C:\Abay-Germes\HouseMaster\apps\web\.next\standalone\apps\web\.next\server\app\_global-error\page","C:\Abay-Germes\HouseMaster\apps\web\.next\standalone\apps\web\.next\server\app\_global-error\page\react-loadable-manifest.json","0","19.08.2026 11:25:36"
"server-reference-manifest.json",".json","JSON","UNCLASSIFIED","OTHER","OUTSIDE A3 PRODUCTION","GENERAL / SOURCE","C:\Abay-Germes\HouseMaster\apps\web\.next\standalone\apps\web\.next\server\app\_global-error\page","C:\Abay-Germes\HouseMaster\apps\web\.next\standalone\apps\web\.next\server\app\_global-error\page\server-reference-manifest.json","0","19.08.2026 11:25:36"
"page_client-reference-manifest.js",".js","JS","UNCLASSIFIED","OTHER","OUTSIDE A3 PRODUCTION","GENERAL / SOURCE","C:\Abay-Germes\HouseMaster\apps\web\.next\standalone\apps\web\.next\server\app\_global-error","C:\Abay-Germes\HouseMaster\apps\web\.next\standalone\apps\web\.next\server\app\_global-error\page_client-reference-manifest.js","7,1","19.08.2026 11:25:36"
"_not-found.html",".html","HTML","UNCLASSIFIED","OTHER","OUTSIDE A3 PRODUCTION","GENERAL / SOURCE","C:\Abay-Germes\HouseMaster\apps\web\.next\standalone\apps\web\.next\server\app","C:\Abay-Germes\HouseMaster\apps\web\.next\standalone\apps\web\.next\server\app\_not-found.html","9,1","19.08.2026 11:25:47"
"_not-found.meta",".meta","META","UNCLASSIFIED","OTHER","OUTSIDE A3 PRODUCTION","GENERAL / SOURCE","C:\Abay-Germes\HouseMaster\apps\web\.next\standalone\apps\web\.next\server\app","C:\Abay-Germes\HouseMaster\apps\web\.next\standalone\apps\web\.next\server\app\_not-found.meta","0,3","19.08.2026 11:25:47"
"_not-found.rsc",".rsc","RSC","UNCLASSIFIED","OTHER","OUTSIDE A3 PRODUCTION","GENERAL / SOURCE","C:\Abay-Germes\HouseMaster\apps\web\.next\standalone\apps\web\.next\server\app","C:\Abay-Germes\HouseMaster\apps\web\.next\standalone\apps\web\.next\server\app\_not-found.rsc","5,8","19.08.2026 11:25:47"
"_full.segment.rsc",".rsc","RSC","UNCLASSIFIED","OTHER","OUTSIDE A3 PRODUCTION","GENERAL / SOURCE","C:\Abay-Germes\HouseMaster\apps\web\.next\standalone\apps\web\.next\server\app\_not-found.segments","C:\Abay-Germes\HouseMaster\apps\web\.next\standalone\apps\web\.next\server\app\_not-found.segments\_full.segment.rsc","5,8","19.08.2026 11:25:47"
"_head.segment.rsc",".rsc","RSC","UNCLASSIFIED","OTHER","OUTSIDE A3 PRODUCTION","GENERAL / SOURCE","C:\Abay-Germes\HouseMaster\apps\web\.next\standalone\apps\web\.next\server\app\_not-found.segments","C:\Abay-Germes\HouseMaster\apps\web\.next\standalone\apps\web\.next\server\app\_not-found.segments\_head.segment.rsc","1,2","19.08.2026 11:25:47"
"_index.segment.rsc",".rsc","RSC","UNCLASSIFIED","OTHER","OUTSIDE A3 PRODUCTION","GENERAL / SOURCE","C:\Abay-Germes\HouseMaster\apps\web\.next\standalone\apps\web\.next\server\app\_not-found.segments","C:\Abay-Germes\HouseMaster\apps\web\.next\standalone\apps\web\.next\server\app\_not-found.segments\_index.segment.rsc","2,2","19.08.2026 11:25:47"
"_not-found.segment.rsc",".rsc","RSC","UNCLASSIFIED","OTHER","OUTSIDE A3 PRODUCTION","GENERAL / SOURCE","C:\Abay-Germes\HouseMaster\apps\web\.next\standalone\apps\web\.next\server\app\_not-found.segments","C:\Abay-Germes\HouseMaster\apps\web\.next\standalone\apps\web\.next\server\app\_not-found.segments\_not-found.segment.rsc","0,4","19.08.2026 11:25:47"
"__PAGE__.segment.rsc",".rsc","RSC","UNCLASSIFIED","OTHER","OUTSIDE A3 PRODUCTION","GENERAL / SOURCE","C:\Abay-Germes\HouseMaster\apps\web\.next\standalone\apps\web\.next\server\app\_not-found.segments\_not-found","C:\Abay-Germes\HouseMaster\apps\web\.next\standalone\apps\web\.next\server\app\_not-found.segments\_not-found\__PAGE__.segment.rsc","1,4","19.08.2026 11:25:47"
"_tree.segment.rsc",".rsc","RSC","UNCLASSIFIED","OTHER","OUTSIDE A3 PRODUCTION","GENERAL / SOURCE","C:\Abay-Germes\HouseMaster\apps\web\.next\standalone\apps\web\.next\server\app\_not-found.segments","C:\Abay-Germes\HouseMaster\apps\web\.next\standalone\apps\web\.next\server\app\_not-found.segments\_tree.segment.rsc","0,3","19.08.2026 11:25:47"
"page.js",".js","JS","UNCLASSIFIED","OTHER","OUTSIDE A3 PRODUCTION","GENERAL / SOURCE","C:\Abay-Germes\HouseMaster\apps\web\.next\standalone\apps\web\.next\server\app\_not-found","C:\Abay-Germes\HouseMaster\apps\web\.next\standalone\apps\web\.next\server\app\_not-found\page.js","0,8","19.08.2026 11:25:36"
"page.js.map",".map","MAP","UNCLASSIFIED","OTHER","OUTSIDE A3 PRODUCTION","GENERAL / SOURCE","C:\Abay-Germes\HouseMaster\apps\web\.next\standalone\apps\web\.next\server\app\_not-found","C:\Abay-Germes\HouseMaster\apps\web\.next\standalone\apps\web\.next\server\app\_not-found\page.js.map","0,1","19.08.2026 11:25:36"
"page.js.nft.json",".json","JSON","UNCLASSIFIED","OTHER","OUTSIDE A3 PRODUCTION","GENERAL / SOURCE","C:\Abay-Germes\HouseMaster\apps\web\.next\standalone\apps\web\.next\server\app\_not-found","C:\Abay-Germes\HouseMaster\apps\web\.next\standalone\apps\web\.next\server\app\_not-found\page.js.nft.json","15,2","19.08.2026 11:25:36"
"app-paths-manifest.json",".json","JSON","UNCLASSIFIED","OTHER","OUTSIDE A3 PRODUCTION","GENERAL / SOURCE","C:\Abay-Germes\HouseMaster\apps\web\.next\standalone\apps\web\.next\server\app\_not-found\page","C:\Abay-Germes\HouseMaster\apps\web\.next\standalone\apps\web\.next\server\app\_not-found\page\app-paths-manifest.json","0","19.08.2026 11:25:36"
"build-manifest.json",".json","JSON","UNCLASSIFIED","OTHER","OUTSIDE A3 PRODUCTION","GENERAL / SOURCE","C:\Abay-Germes\HouseMaster\apps\web\.next\standalone\apps\web\.next\server\app\_not-found\page","C:\Abay-Germes\HouseMaster\apps\web\.next\standalone\apps\web\.next\server\app\_not-found\page\build-manifest.json","0,4","19.08.2026 11:25:36"
"next-font-manifest.json",".json","JSON","UNCLASSIFIED","OTHER","OUTSIDE A3 PRODUCTION","GENERAL / SOURCE","C:\Abay-Germes\HouseMaster\apps\web\.next\standalone\apps\web\.next\server\app\_not-found\page","C:\Abay-Germes\HouseMaster\apps\web\.next\standalone\apps\web\.next\server\app\_not-found\page\next-font-manifest.json","0,3","19.08.2026 11:25:36"
"react-loadable-manifest.json",".json","JSON","UNCLASSIFIED","OTHER","OUTSIDE A3 PRODUCTION","GENERAL / SOURCE","C:\Abay-Germes\HouseMaster\apps\web\.next\standalone\apps\web\.next\server\app\_not-found\page","C:\Abay-Germes\HouseMaster\apps\web\.next\standalone\apps\web\.next\server\app\_not-found\page\react-loadable-manifest.json","0","19.08.2026 11:25:36"
"server-reference-manifest.json",".json","JSON","UNCLASSIFIED","OTHER","OUTSIDE A3 PRODUCTION","GENERAL / SOURCE","C:\Abay-Germes\HouseMaster\apps\web\.next\standalone\apps\web\.next\server\app\_not-found\page","C:\Abay-Germes\HouseMaster\apps\web\.next\standalone\apps\web\.next\server\app\_not-found\page\server-reference-manifest.json","0","19.08.2026 11:25:36"
"page_client-reference-manifest.js",".js","JS","UNCLASSIFIED","OTHER","OUTSIDE A3 PRODUCTION","GENERAL / SOURCE","C:\Abay-Germes\HouseMaster\apps\web\.next\standalone\apps\web\.next\server\app\_not-found","C:\Abay-Germes\HouseMaster\apps\web\.next\standalone\apps\web\.next\server\app\_not-found\page_client-reference-manifest.js","8,2","19.08.2026 11:25:36"
"page.js",".js","JS","UNCLASSIFIED","OTHER","OUTSIDE A3 PRODUCTION","GENERAL / SOURCE","C:\Abay-Germes\HouseMaster\apps\web\.next\standalone\apps\web\.next\server\app\admin","C:\Abay-Germes\HouseMaster\apps\web\.next\standalone\apps\web\.next\server\app\admin\page.js","0,9","19.08.2026 11:25:36"
"page.js.map",".map","MAP","UNCLASSIFIED","OTHER","OUTSIDE A3 PRODUCTION","GENERAL / SOURCE","C:\Abay-Germes\HouseMaster\apps\web\.next\standalone\apps\web\.next\server\app\admin","C:\Abay-Germes\HouseMaster\apps\web\.next\standalone\apps\web\.next\server\app\admin\page.js.map","0,1","19.08.2026 11:25:36"
"page.js.nft.json",".json","JSON","UNCLASSIFIED","OTHER","OUTSIDE A3 PRODUCTION","GENERAL / SOURCE","C:\Abay-Germes\HouseMaster\apps\web\.next\standalone\apps\web\.next\server\app\admin","C:\Abay-Germes\HouseMaster\apps\web\.next\standalone\apps\web\.next\server\app\admin\page.js.nft.json","15,4","19.08.2026 11:25:36"
"app-paths-manifest.json",".json","JSON","UNCLASSIFIED","OTHER","OUTSIDE A3 PRODUCTION","GENERAL / SOURCE","C:\Abay-Germes\HouseMaster\apps\web\.next\standalone\apps\web\.next\server\app\admin\page","C:\Abay-Germes\HouseMaster\apps\web\.next\standalone\apps\web\.next\server\app\admin\page\app-paths-manifest.json","0","19.08.2026 11:25:36"
"build-manifest.json",".json","JSON","UNCLASSIFIED","OTHER","OUTSIDE A3 PRODUCTION","GENERAL / SOURCE","C:\Abay-Germes\HouseMaster\apps\web\.next\standalone\apps\web\.next\server\app\admin\page","C:\Abay-Germes\HouseMaster\apps\web\.next\standalone\apps\web\.next\server\app\admin\page\build-manifest.json","0,4","19.08.2026 11:25:36"
"next-font-manifest.json",".json","JSON","UNCLASSIFIED","OTHER","OUTSIDE A3 PRODUCTION","GENERAL / SOURCE","C:\Abay-Germes\HouseMaster\apps\web\.next\standalone\apps\web\.next\server\app\admin\page","C:\Abay-Germes\HouseMaster\apps\web\.next\standalone\apps\web\.next\server\app\admin\page\next-font-manifest.json","0,3","19.08.2026 11:25:36"
"react-loadable-manifest.json",".json","JSON","UNCLASSIFIED","OTHER","OUTSIDE A3 PRODUCTION","GENERAL / SOURCE","C:\Abay-Germes\HouseMaster\apps\web\.next\standalone\apps\web\.next\server\app\admin\page","C:\Abay-Germes\HouseMaster\apps\web\.next\standalone\apps\web\.next\server\app\admin\page\react-loadable-manifest.json","0","19.08.2026 11:25:36"
"server-reference-manifest.json",".json","JSON","UNCLASSIFIED","OTHER","OUTSIDE A3 PRODUCTION","GENERAL / SOURCE","C:\Abay-Germes\HouseMaster\apps\web\.next\standalone\apps\web\.next\server\app\admin\page","C:\Abay-Germes\HouseMaster\apps\web\.next\standalone\apps\web\.next\server\app\admin\page\server-reference-manifest.json","0,4","19.08.2026 11:25:36"
"page_client-reference-manifest.js",".js","JS","UNCLASSIFIED","OTHER","OUTSIDE A3 PRODUCTION","GENERAL / SOURCE","C:\Abay-Germes\HouseMaster\apps\web\.next\standalone\apps\web\.next\server\app\admin","C:\Abay-Germes\HouseMaster\apps\web\.next\standalone\apps\web\.next\server\app\admin\page_client-reference-manifest.js","9,3","19.08.2026 11:25:36"
"route.js",".js","JS","UNCLASSIFIED","OTHER","OUTSIDE A3 PRODUCTION","GENERAL / SOURCE","C:\Abay-Germes\HouseMaster\apps\web\.next\standalone\apps\web\.next\server\app\api\auth\[...nextauth]","C:\Abay-Germes\HouseMaster\apps\web\.next\standalone\apps\web\.next\server\app\api\auth\[...nextauth]\route.js","0,4","19.08.2026 11:25:36"
"route.js.map",".map","MAP","UNCLASSIFIED","OTHER","OUTSIDE A3 PRODUCTION","GENERAL / SOURCE","C:\Abay-Germes\HouseMaster\apps\web\.next\standalone\apps\web\.next\server\app\api\auth\[...nextauth]","C:\Abay-Germes\HouseMaster\apps\web\.next\standalone\apps\web\.next\server\app\api\auth\[...nextauth]\route.js.map","0,1","19.08.2026 11:25:36"
"route.js.nft.json",".json","JSON","UNCLASSIFIED","OTHER","OUTSIDE A3 PRODUCTION","GENERAL / SOURCE","C:\Abay-Germes\HouseMaster\apps\web\.next\standalone\apps\web\.next\server\app\api\auth\[...nextauth]","C:\Abay-Germes\HouseMaster\apps\web\.next\standalone\apps\web\.next\server\app\api\auth\[...nextauth]\route.js.nft.json","15,3","19.08.2026 11:25:36"
"app-paths-manifest.json",".json","JSON","UNCLASSIFIED","OTHER","OUTSIDE A3 PRODUCTION","GENERAL / SOURCE","C:\Abay-Germes\HouseMaster\apps\web\.next\standalone\apps\web\.next\server\app\api\auth\[...nextauth]\route","C:\Abay-Germes\HouseMaster\apps\web\.next\standalone\apps\web\.next\server\app\api\auth\[...nextauth]\route\app-paths-manifest.json","0,1","19.08.2026 11:25:36"
"build-manifest.json",".json","JSON","UNCLASSIFIED","OTHER","OUTSIDE A3 PRODUCTION","GENERAL / SOURCE","C:\Abay-Germes\HouseMaster\apps\web\.next\standalone\apps\web\.next\server\app\api\auth\[...nextauth]\route","C:\Abay-Germes\HouseMaster\apps\web\.next\standalone\apps\web\.next\server\app\api\auth\[...nextauth]\route\build-manifest.json","0,1","19.08.2026 11:25:36"
"server-reference-manifest.json",".json","JSON","UNCLASSIFIED","OTHER","OUTSIDE A3 PRODUCTION","GENERAL / SOURCE","C:\Abay-Germes\HouseMaster\apps\web\.next\standalone\apps\web\.next\server\app\api\auth\[...nextauth]\route","C:\Abay-Germes\HouseMaster\apps\web\.next\standalone\apps\web\.next\server\app\api\auth\[...nextauth]\route\server-reference-manifest.json","0","19.08.2026 11:25:36"
"route_client-reference-manifest.js",".js","JS","UNCLASSIFIED","OTHER","OUTSIDE A3 PRODUCTION","GENERAL / SOURCE","C:\Abay-Germes\HouseMaster\apps\web\.next\standalone\apps\web\.next\server\app\api\auth\[...nextauth]","C:\Abay-Germes\HouseMaster\apps\web\.next\standalone\apps\web\.next\server\app\api\auth\[...nextauth]\route_client-reference-manifest.js","0,3","19.08.2026 11:25:36"
"route.js",".js","JS","UNCLASSIFIED","OTHER","OUTSIDE A3 PRODUCTION","GENERAL / SOURCE","C:\Abay-Germes\HouseMaster\apps\web\.next\standalone\apps\web\.next\server\app\api\health\db","C:\Abay-Germes\HouseMaster\apps\web\.next\standalone\apps\web\.next\server\app\api\health\db\route.js","0,4","19.08.2026 11:25:36"
"route.js.map",".map","MAP","UNCLASSIFIED","OTHER","OUTSIDE A3 PRODUCTION","GENERAL / SOURCE","C:\Abay-Germes\HouseMaster\apps\web\.next\standalone\apps\web\.next\server\app\api\health\db","C:\Abay-Germes\HouseMaster\apps\web\.next\standalone\apps\web\.next\server\app\api\health\db\route.js.map","0,1","19.08.2026 11:25:36"
"route.js.nft.json",".json","JSON","UNCLASSIFIED","OTHER","OUTSIDE A3 PRODUCTION","GENERAL / SOURCE","C:\Abay-Germes\HouseMaster\apps\web\.next\standalone\apps\web\.next\server\app\api\health\db","C:\Abay-Germes\HouseMaster\apps\web\.next\standalone\apps\web\.next\server\app\api\health\db\route.js.nft.json","24,5","19.08.2026 11:25:36"
"app-paths-manifest.json",".json","JSON","UNCLASSIFIED","OTHER","OUTSIDE A3 PRODUCTION","GENERAL / SOURCE","C:\Abay-Germes\HouseMaster\apps\web\.next\standalone\apps\web\.next\server\app\api\health\db\route","C:\Abay-Germes\HouseMaster\apps\web\.next\standalone\apps\web\.next\server\app\api\health\db\route\app-paths-manifest.json","0,1","19.08.2026 11:25:36"
"build-manifest.json",".json","JSON","UNCLASSIFIED","OTHER","OUTSIDE A3 PRODUCTION","GENERAL / SOURCE","C:\Abay-Germes\HouseMaster\apps\web\.next\standalone\apps\web\.next\server\app\api\health\db\route","C:\Abay-Germes\HouseMaster\apps\web\.next\standalone\apps\web\.next\server\app\api\health\db\route\build-manifest.json","0,1","19.08.2026 11:25:36"
"server-reference-manifest.json",".json","JSON","UNCLASSIFIED","OTHER","OUTSIDE A3 PRODUCTION","GENERAL / SOURCE","C:\Abay-Germes\HouseMaster\apps\web\.next\standalone\apps\web\.next\server\app\api\health\db\route","C:\Abay-Germes\HouseMaster\apps\web\.next\standalone\apps\web\.next\server\app\api\health\db\route\server-reference-manifest.json","0","19.08.2026 11:25:36"
"route_client-reference-manifest.js",".js","JS","UNCLASSIFIED","OTHER","OUTSIDE A3 PRODUCTION","GENERAL / SOURCE","C:\Abay-Germes\HouseMaster\apps\web\.next\standalone\apps\web\.next\server\app\api\health\db","C:\Abay-Germes\HouseMaster\apps\web\.next\standalone\apps\web\.next\server\app\api\health\db\route_client-reference-manifest.js","0,3","19.08.2026 11:25:36"
"favicon.ico.body",".body","BODY","UNCLASSIFIED","OTHER","OUTSIDE A3 PRODUCTION","GENERAL / SOURCE","C:\Abay-Germes\HouseMaster\apps\web\.next\standalone\apps\web\.next\server\app","C:\Abay-Germes\HouseMaster\apps\web\.next\standalone\apps\web\.next\server\app\favicon.ico.body","25,3","19.08.2026 11:25:47"
"favicon.ico.meta",".meta","META","UNCLASSIFIED","OTHER","OUTSIDE A3 PRODUCTION","GENERAL / SOURCE","C:\Abay-Germes\HouseMaster\apps\web\.next\standalone\apps\web\.next\server\app","C:\Abay-Germes\HouseMaster\apps\web\.next\standalone\apps\web\.next\server\app\favicon.ico.meta","0,2","19.08.2026 11:25:47"
"route.js",".js","JS","UNCLASSIFIED","OTHER","OUTSIDE A3 PRODUCTION","GENERAL / SOURCE","C:\Abay-Germes\HouseMaster\apps\web\.next\standalone\apps\web\.next\server\app\favicon.ico","C:\Abay-Germes\HouseMaster\apps\web\.next\standalone\apps\web\.next\server\app\favicon.ico\route.js","0,4","19.08.2026 11:25:36"
"route.js.map",".map","MAP","UNCLASSIFIED","OTHER","OUTSIDE A3 PRODUCTION","GENERAL / SOURCE","C:\Abay-Germes\HouseMaster\apps\web\.next\standalone\apps\web\.next\server\app\favicon.ico","C:\Abay-Germes\HouseMaster\apps\web\.next\standalone\apps\web\.next\server\app\favicon.ico\route.js.map","0,1","19.08.2026 11:25:36"
"route.js.nft.json",".json","JSON","UNCLASSIFIED","OTHER","OUTSIDE A3 PRODUCTION","GENERAL / SOURCE","C:\Abay-Germes\HouseMaster\apps\web\.next\standalone\apps\web\.next\server\app\favicon.ico","C:\Abay-Germes\HouseMaster\apps\web\.next\standalone\apps\web\.next\server\app\favicon.ico\route.js.nft.json","14,7","19.08.2026 11:25:36"
"app-paths-manifest.json",".json","JSON","UNCLASSIFIED","OTHER","OUTSIDE A3 PRODUCTION","GENERAL / SOURCE","C:\Abay-Germes\HouseMaster\apps\web\.next\standalone\apps\web\.next\server\app\favicon.ico\route","C:\Abay-Germes\HouseMaster\apps\web\.next\standalone\apps\web\.next\server\app\favicon.ico\route\app-paths-manifest.json","0,1","19.08.2026 11:25:36"
"build-manifest.json",".json","JSON","UNCLASSIFIED","OTHER","OUTSIDE A3 PRODUCTION","GENERAL / SOURCE","C:\Abay-Germes\HouseMaster\apps\web\.next\standalone\apps\web\.next\server\app\favicon.ico\route","C:\Abay-Germes\HouseMaster\apps\web\.next\standalone\apps\web\.next\server\app\favicon.ico\route\build-manifest.json","0,1","19.08.2026 11:25:36"
"index.html",".html","HTML","UNCLASSIFIED","OTHER","OUTSIDE A3 PRODUCTION","GENERAL / SOURCE","C:\Abay-Germes\HouseMaster\apps\web\.next\standalone\apps\web\.next\server\app","C:\Abay-Germes\HouseMaster\apps\web\.next\standalone\apps\web\.next\server\app\index.html","8,3","19.08.2026 11:25:47"
"index.meta",".meta","META","UNCLASSIFIED","OTHER","OUTSIDE A3 PRODUCTION","GENERAL / SOURCE","C:\Abay-Germes\HouseMaster\apps\web\.next\standalone\apps\web\.next\server\app","C:\Abay-Germes\HouseMaster\apps\web\.next\standalone\apps\web\.next\server\app\index.meta","0,2","19.08.2026 11:25:47"
"index.rsc",".rsc","RSC","UNCLASSIFIED","OTHER","OUTSIDE A3 PRODUCTION","GENERAL / SOURCE","C:\Abay-Germes\HouseMaster\apps\web\.next\standalone\apps\web\.next\server\app","C:\Abay-Germes\HouseMaster\apps\web\.next\standalone\apps\web\.next\server\app\index.rsc","5,2","19.08.2026 11:25:47"
"__PAGE__.segment.rsc",".rsc","RSC","UNCLASSIFIED","OTHER","OUTSIDE A3 PRODUCTION","GENERAL / SOURCE","C:\Abay-Germes\HouseMaster\apps\web\.next\standalone\apps\web\.next\server\app\index.segments","C:\Abay-Germes\HouseMaster\apps\web\.next\standalone\apps\web\.next\server\app\index.segments\__PAGE__.segment.rsc","1,1","19.08.2026 11:25:47"
"_full.segment.rsc",".rsc","RSC","UNCLASSIFIED","OTHER","OUTSIDE A3 PRODUCTION","GENERAL / SOURCE","C:\Abay-Germes\HouseMaster\apps\web\.next\standalone\apps\web\.next\server\app\index.segments","C:\Abay-Germes\HouseMaster\apps\web\.next\standalone\apps\web\.next\server\app\index.segments\_full.segment.rsc","5,2","19.08.2026 11:25:47"
"_head.segment.rsc",".rsc","RSC","UNCLASSIFIED","OTHER","OUTSIDE A3 PRODUCTION","GENERAL / SOURCE","C:\Abay-Germes\HouseMaster\apps\web\.next\standalone\apps\web\.next\server\app\index.segments","C:\Abay-Germes\HouseMaster\apps\web\.next\standalone\apps\web\.next\server\app\index.segments\_head.segment.rsc","1,1","19.08.2026 11:25:47"
"_index.segment.rsc",".rsc","RSC","UNCLASSIFIED","OTHER","OUTSIDE A3 PRODUCTION","GENERAL / SOURCE","C:\Abay-Germes\HouseMaster\apps\web\.next\standalone\apps\web\.next\server\app\index.segments","C:\Abay-Germes\HouseMaster\apps\web\.next\standalone\apps\web\.next\server\app\index.segments\_index.segment.rsc","2,2","19.08.2026 11:25:47"
"_tree.segment.rsc",".rsc","RSC","UNCLASSIFIED","OTHER","OUTSIDE A3 PRODUCTION","GENERAL / SOURCE","C:\Abay-Germes\HouseMaster\apps\web\.next\standalone\apps\web\.next\server\app\index.segments","C:\Abay-Germes\HouseMaster\apps\web\.next\standalone\apps\web\.next\server\app\index.segments\_tree.segment.rsc","0,5","19.08.2026 11:25:47"
"login.html",".html","HTML","UNCLASSIFIED","OTHER","OUTSIDE A3 PRODUCTION","GENERAL / SOURCE","C:\Abay-Germes\HouseMaster\apps\web\.next\standalone\apps\web\.next\server\app","C:\Abay-Germes\HouseMaster\apps\web\.next\standalone\apps\web\.next\server\app\login.html","8,2","19.08.2026 11:25:47"
"login.meta",".meta","META","UNCLASSIFIED","OTHER","OUTSIDE A3 PRODUCTION","GENERAL / SOURCE","C:\Abay-Germes\HouseMaster\apps\web\.next\standalone\apps\web\.next\server\app","C:\Abay-Germes\HouseMaster\apps\web\.next\standalone\apps\web\.next\server\app\login.meta","0,3","19.08.2026 11:25:47"
"login.rsc",".rsc","RSC","UNCLASSIFIED","OTHER","OUTSIDE A3 PRODUCTION","GENERAL / SOURCE","C:\Abay-Germes\HouseMaster\apps\web\.next\standalone\apps\web\.next\server\app","C:\Abay-Germes\HouseMaster\apps\web\.next\standalone\apps\web\.next\server\app\login.rsc","5,4","19.08.2026 11:25:47"
"_full.segment.rsc",".rsc","RSC","UNCLASSIFIED","OTHER","OUTSIDE A3 PRODUCTION","GENERAL / SOURCE","C:\Abay-Germes\HouseMaster\apps\web\.next\standalone\apps\web\.next\server\app\login.segments","C:\Abay-Germes\HouseMaster\apps\web\.next\standalone\apps\web\.next\server\app\login.segments\_full.segment.rsc","5,4","19.08.2026 11:25:47"
"_head.segment.rsc",".rsc","RSC","UNCLASSIFIED","OTHER","OUTSIDE A3 PRODUCTION","GENERAL / SOURCE","C:\Abay-Germes\HouseMaster\apps\web\.next\standalone\apps\web\.next\server\app\login.segments","C:\Abay-Germes\HouseMaster\apps\web\.next\standalone\apps\web\.next\server\app\login.segments\_head.segment.rsc","1,1","19.08.2026 11:25:47"
"_index.segment.rsc",".rsc","RSC","UNCLASSIFIED","OTHER","OUTSIDE A3 PRODUCTION","GENERAL / SOURCE","C:\Abay-Germes\HouseMaster\apps\web\.next\standalone\apps\web\.next\server\app\login.segments","C:\Abay-Germes\HouseMaster\apps\web\.next\standalone\apps\web\.next\server\app\login.segments\_index.segment.rsc","2,2","19.08.2026 11:25:47"
"_tree.segment.rsc",".rsc","RSC","UNCLASSIFIED","OTHER","OUTSIDE A3 PRODUCTION","GENERAL / SOURCE","C:\Abay-Germes\HouseMaster\apps\web\.next\standalone\apps\web\.next\server\app\login.segments","C:\Abay-Germes\HouseMaster\apps\web\.next\standalone\apps\web\.next\server\app\login.segments\_tree.segment.rsc","0,5","19.08.2026 11:25:47"
"login.segment.rsc",".rsc","RSC","UNCLASSIFIED","OTHER","OUTSIDE A3 PRODUCTION","GENERAL / SOURCE","C:\Abay-Germes\HouseMaster\apps\web\.next\standalone\apps\web\.next\server\app\login.segments","C:\Abay-Germes\HouseMaster\apps\web\.next\standalone\apps\web\.next\server\app\login.segments\login.segment.rsc","0,4","19.08.2026 11:25:47"
"__PAGE__.segment.rsc",".rsc","RSC","UNCLASSIFIED","OTHER","OUTSIDE A3 PRODUCTION","GENERAL / SOURCE","C:\Abay-Germes\HouseMaster\apps\web\.next\standalone\apps\web\.next\server\app\login.segments\login","C:\Abay-Germes\HouseMaster\apps\web\.next\standalone\apps\web\.next\server\app\login.segments\login\__PAGE__.segment.rsc","0,9","19.08.2026 11:25:47"
"page.js",".js","JS","UNCLASSIFIED","OTHER","OUTSIDE A3 PRODUCTION","GENERAL / SOURCE","C:\Abay-Germes\HouseMaster\apps\web\.next\standalone\apps\web\.next\server\app\login","C:\Abay-Germes\HouseMaster\apps\web\.next\standalone\apps\web\.next\server\app\login\page.js","0,9","19.08.2026 11:25:36"
"page.js.map",".map","MAP","UNCLASSIFIED","OTHER","OUTSIDE A3 PRODUCTION","GENERAL / SOURCE","C:\Abay-Germes\HouseMaster\apps\web\.next\standalone\apps\web\.next\server\app\login","C:\Abay-Germes\HouseMaster\apps\web\.next\standalone\apps\web\.next\server\app\login\page.js.map","0,1","19.08.2026 11:25:36"
"page.js.nft.json",".json","JSON","UNCLASSIFIED","OTHER","OUTSIDE A3 PRODUCTION","GENERAL / SOURCE","C:\Abay-Germes\HouseMaster\apps\web\.next\standalone\apps\web\.next\server\app\login","C:\Abay-Germes\HouseMaster\apps\web\.next\standalone\apps\web\.next\server\app\login\page.js.nft.json","15,3","19.08.2026 11:25:36"
"app-paths-manifest.json",".json","JSON","UNCLASSIFIED","OTHER","OUTSIDE A3 PRODUCTION","GENERAL / SOURCE","C:\Abay-Germes\HouseMaster\apps\web\.next\standalone\apps\web\.next\server\app\login\page","C:\Abay-Germes\HouseMaster\apps\web\.next\standalone\apps\web\.next\server\app\login\page\app-paths-manifest.json","0","19.08.2026 11:25:36"
"build-manifest.json",".json","JSON","UNCLASSIFIED","OTHER","OUTSIDE A3 PRODUCTION","GENERAL / SOURCE","C:\Abay-Germes\HouseMaster\apps\web\.next\standalone\apps\web\.next\server\app\login\page","C:\Abay-Germes\HouseMaster\apps\web\.next\standalone\apps\web\.next\server\app\login\page\build-manifest.json","0,4","19.08.2026 11:25:36"
"next-font-manifest.json",".json","JSON","UNCLASSIFIED","OTHER","OUTSIDE A3 PRODUCTION","GENERAL / SOURCE","C:\Abay-Germes\HouseMaster\apps\web\.next\standalone\apps\web\.next\server\app\login\page","C:\Abay-Germes\HouseMaster\apps\web\.next\standalone\apps\web\.next\server\app\login\page\next-font-manifest.json","0,3","19.08.2026 11:25:36"
"react-loadable-manifest.json",".json","JSON","UNCLASSIFIED","OTHER","OUTSIDE A3 PRODUCTION","GENERAL / SOURCE","C:\Abay-Germes\HouseMaster\apps\web\.next\standalone\apps\web\.next\server\app\login\page","C:\Abay-Germes\HouseMaster\apps\web\.next\standalone\apps\web\.next\server\app\login\page\react-loadable-manifest.json","0","19.08.2026 11:25:36"
"server-reference-manifest.json",".json","JSON","UNCLASSIFIED","OTHER","OUTSIDE A3 PRODUCTION","GENERAL / SOURCE","C:\Abay-Germes\HouseMaster\apps\web\.next\standalone\apps\web\.next\server\app\login\page","C:\Abay-Germes\HouseMaster\apps\web\.next\standalone\apps\web\.next\server\app\login\page\server-reference-manifest.json","0","19.08.2026 11:25:36"
"page_client-reference-manifest.js",".js","JS","UNCLASSIFIED","OTHER","OUTSIDE A3 PRODUCTION","GENERAL / SOURCE","C:\Abay-Germes\HouseMaster\apps\web\.next\standalone\apps\web\.next\server\app\login","C:\Abay-Germes\HouseMaster\apps\web\.next\standalone\apps\web\.next\server\app\login\page_client-reference-manifest.js","9,1","19.08.2026 11:25:36"
"page.js",".js","JS","UNCLASSIFIED","OTHER","OUTSIDE A3 PRODUCTION","GENERAL / SOURCE","C:\Abay-Germes\HouseMaster\apps\web\.next\standalone\apps\web\.next\server\app","C:\Abay-Germes\HouseMaster\apps\web\.next\standalone\apps\web\.next\server\app\page.js","0,9","19.08.2026 11:25:36"
"page.js.map",".map","MAP","UNCLASSIFIED","OTHER","OUTSIDE A3 PRODUCTION","GENERAL / SOURCE","C:\Abay-Germes\HouseMaster\apps\web\.next\standalone\apps\web\.next\server\app","C:\Abay-Germes\HouseMaster\apps\web\.next\standalone\apps\web\.next\server\app\page.js.map","0,1","19.08.2026 11:25:36"
"page.js.nft.json",".json","JSON","UNCLASSIFIED","OTHER","OUTSIDE A3 PRODUCTION","GENERAL / SOURCE","C:\Abay-Germes\HouseMaster\apps\web\.next\standalone\apps\web\.next\server\app","C:\Abay-Germes\HouseMaster\apps\web\.next\standalone\apps\web\.next\server\app\page.js.nft.json","15","19.08.2026 11:25:36"
"app-paths-manifest.json",".json","JSON","UNCLASSIFIED","OTHER","OUTSIDE A3 PRODUCTION","GENERAL / SOURCE","C:\Abay-Germes\HouseMaster\apps\web\.next\standalone\apps\web\.next\server\app\page","C:\Abay-Germes\HouseMaster\apps\web\.next\standalone\apps\web\.next\server\app\page\app-paths-manifest.json","0","19.08.2026 11:25:36"
"build-manifest.json",".json","JSON","UNCLASSIFIED","OTHER","OUTSIDE A3 PRODUCTION","GENERAL / SOURCE","C:\Abay-Germes\HouseMaster\apps\web\.next\standalone\apps\web\.next\server\app\page","C:\Abay-Germes\HouseMaster\apps\web\.next\standalone\apps\web\.next\server\app\page\build-manifest.json","0,4","19.08.2026 11:25:36"
"next-font-manifest.json",".json","JSON","UNCLASSIFIED","OTHER","OUTSIDE A3 PRODUCTION","GENERAL / SOURCE","C:\Abay-Germes\HouseMaster\apps\web\.next\standalone\apps\web\.next\server\app\page","C:\Abay-Germes\HouseMaster\apps\web\.next\standalone\apps\web\.next\server\app\page\next-font-manifest.json","0,3","19.08.2026 11:25:36"
"react-loadable-manifest.json",".json","JSON","UNCLASSIFIED","OTHER","OUTSIDE A3 PRODUCTION","GENERAL / SOURCE","C:\Abay-Germes\HouseMaster\apps\web\.next\standalone\apps\web\.next\server\app\page","C:\Abay-Germes\HouseMaster\apps\web\.next\standalone\apps\web\.next\server\app\page\react-loadable-manifest.json","0","19.08.2026 11:25:36"
"server-reference-manifest.json",".json","JSON","UNCLASSIFIED","OTHER","OUTSIDE A3 PRODUCTION","GENERAL / SOURCE","C:\Abay-Germes\HouseMaster\apps\web\.next\standalone\apps\web\.next\server\app\page","C:\Abay-Germes\HouseMaster\apps\web\.next\standalone\apps\web\.next\server\app\page\server-reference-manifest.json","0","19.08.2026 11:25:36"
"page_client-reference-manifest.js",".js","JS","UNCLASSIFIED","OTHER","OUTSIDE A3 PRODUCTION","GENERAL / SOURCE","C:\Abay-Germes\HouseMaster\apps\web\.next\standalone\apps\web\.next\server\app","C:\Abay-Germes\HouseMaster\apps\web\.next\standalone\apps\web\.next\server\app\page_client-reference-manifest.js","9,3","19.08.2026 11:25:36"
"app-paths-manifest.json",".json","JSON","UNCLASSIFIED","OTHER","OUTSIDE A3 PRODUCTION","GENERAL / SOURCE","C:\Abay-Germes\HouseMaster\apps\web\.next\standalone\apps\web\.next\server","C:\Abay-Germes\HouseMaster\apps\web\.next\standalone\apps\web\.next\server\app-paths-manifest.json","0,4","19.08.2026 11:25:36"
"[externals]__0c2po-s._.js",".js","JS","UNCLASSIFIED","OTHER","OUTSIDE A3 PRODUCTION","GENERAL / SOURCE","C:\Abay-Germes\HouseMaster\apps\web\.next\standalone\apps\web\.next\server\chunks","C:\Abay-Germes\HouseMaster\apps\web\.next\standalone\apps\web\.next\server\chunks\[externals]__0c2po-s._.js","1,2","19.08.2026 11:25:36"
"[externals]__17fl0r9._.js",".js","JS","UNCLASSIFIED","OTHER","OUTSIDE A3 PRODUCTION","GENERAL / SOURCE","C:\Abay-Germes\HouseMaster\apps\web\.next\standalone\apps\web\.next\server\chunks","C:\Abay-Germes\HouseMaster\apps\web\.next\standalone\apps\web\.next\server\chunks\[externals]__17fl0r9._.js","1,2","19.08.2026 11:25:36"
"[externals]_next_dist_1ce_grm._.js",".js","JS","UNCLASSIFIED","OTHER","OUTSIDE A3 PRODUCTION","GENERAL / SOURCE","C:\Abay-Germes\HouseMaster\apps\web\.next\standalone\apps\web\.next\server\chunks","C:\Abay-Germes\HouseMaster\apps\web\.next\standalone\apps\web\.next\server\chunks\[externals]_next_dist_1ce_grm._.js","1","19.08.2026 11:25:36"
"[root-of-the-server]__0rm-yp-._.js",".js","JS","UNCLASSIFIED","OTHER","OUTSIDE A3 PRODUCTION","GENERAL / SOURCE","C:\Abay-Germes\HouseMaster\apps\web\.next\standalone\apps\web\.next\server\chunks","C:\Abay-Germes\HouseMaster\apps\web\.next\standalone\apps\web\.next\server\chunks\[root-of-the-server]__0rm-yp-._.js","23,5","19.08.2026 11:25:36"
"[root-of-the-server]__153xm-2._.js",".js","JS","UNCLASSIFIED","OTHER","OUTSIDE A3 PRODUCTION","GENERAL / SOURCE","C:\Abay-Germes\HouseMaster\apps\web\.next\standalone\apps\web\.next\server\chunks","C:\Abay-Germes\HouseMaster\apps\web\.next\standalone\apps\web\.next\server\chunks\[root-of-the-server]__153xm-2._.js","154,4","19.08.2026 11:25:36"
"[root-of-the-server]__1a2st8w._.js",".js","JS","UNCLASSIFIED","OTHER","OUTSIDE A3 PRODUCTION","GENERAL / SOURCE","C:\Abay-Germes\HouseMaster\apps\web\.next\standalone\apps\web\.next\server\chunks","C:\Abay-Germes\HouseMaster\apps\web\.next\standalone\apps\web\.next\server\chunks\[root-of-the-server]__1a2st8w._.js","369,8","19.08.2026 11:25:36"
"[turbopack]_runtime.js",".js","JS","UNCLASSIFIED","OTHER","OUTSIDE A3 PRODUCTION","GENERAL / SOURCE","C:\Abay-Germes\HouseMaster\apps\web\.next\standalone\apps\web\.next\server\chunks","C:\Abay-Germes\HouseMaster\apps\web\.next\standalone\apps\web\.next\server\chunks\[turbopack]_runtime.js","33,4","19.08.2026 11:25:36"
"1e9k_next_05topdz._.js",".js","JS","UNCLASSIFIED","OTHER","OUTSIDE A3 PRODUCTION","GENERAL / SOURCE","C:\Abay-Germes\HouseMaster\apps\web\.next\standalone\apps\web\.next\server\chunks","C:\Abay-Germes\HouseMaster\apps\web\.next\standalone\apps\web\.next\server\chunks\1e9k_next_05topdz._.js","187,6","19.08.2026 11:25:36"
"1e9k_next_dist_esm_build_templates_app-route_1thxhjo.js",".js","JS","UNCLASSIFIED","OTHER","OUTSIDE A3 PRODUCTION","GENERAL / SOURCE","C:\Abay-Germes\HouseMaster\apps\web\.next\standalone\apps\web\.next\server\chunks","C:\Abay-Germes\HouseMaster\apps\web\.next\standalone\apps\web\.next\server\chunks\1e9k_next_dist_esm_build_templates_app-route_1thxhjo.js","40,3","19.08.2026 11:25:36"
"apps_web__next-internal_server_app_api_auth_[___nextauth]_route_actions_0cwnx2s.js",".js","JS","UNCLASSIFIED","OTHER","OUTSIDE A3 PRODUCTION","GENERAL / SOURCE","C:\Abay-Germes\HouseMaster\apps\web\.next\standalone\apps\web\.next\server\chunks","C:\Abay-Germes\HouseMaster\apps\web\.next\standalone\apps\web\.next\server\chunks\apps_web__next-internal_server_app_api_auth_[___nextauth]_route_actions_0cwnx2s.js","0,1","19.08.2026 11:25:36"
"apps_web__next-internal_server_app_api_health_db_route_actions_03w8zht.js",".js","JS","UNCLASSIFIED","OTHER","OUTSIDE A3 PRODUCTION","GENERAL / SOURCE","C:\Abay-Germes\HouseMaster\apps\web\.next\standalone\apps\web\.next\server\chunks","C:\Abay-Germes\HouseMaster\apps\web\.next\standalone\apps\web\.next\server\chunks\apps_web__next-internal_server_app_api_health_db_route_actions_03w8zht.js","0,1","19.08.2026 11:25:36"
"apps_web__next-internal_server_app_favicon_ico_route_actions_0u51f7q.js",".js","JS","UNCLASSIFIED","OTHER","OUTSIDE A3 PRODUCTION","GENERAL / SOURCE","C:\Abay-Germes\HouseMaster\apps\web\.next\standalone\apps\web\.next\server\chunks","C:\Abay-Germes\HouseMaster\apps\web\.next\standalone\apps\web\.next\server\chunks\apps_web__next-internal_server_app_favicon_ico_route_actions_0u51f7q.js","0,1","19.08.2026 11:25:36"
"[root-of-the-server]__02ar7aq._.js",".js","JS","UNCLASSIFIED","OTHER","OUTSIDE A3 PRODUCTION","GENERAL / SOURCE","C:\Abay-Germes\HouseMaster\apps\web\.next\standalone\apps\web\.next\server\chunks\ssr","C:\Abay-Germes\HouseMaster\apps\web\.next\standalone\apps\web\.next\server\chunks\ssr\[root-of-the-server]__02ar7aq._.js","14,8","19.08.2026 11:25:36"
"[root-of-the-server]__04p6thz._.js",".js","JS","UNCLASSIFIED","OTHER","OUTSIDE A3 PRODUCTION","GENERAL / SOURCE","C:\Abay-Germes\HouseMaster\apps\web\.next\standalone\apps\web\.next\server\chunks\ssr","C:\Abay-Germes\HouseMaster\apps\web\.next\standalone\apps\web\.next\server\chunks\ssr\[root-of-the-server]__04p6thz._.js","12,3","19.08.2026 11:25:36"
"[root-of-the-server]__0gratdp._.js",".js","JS","UNCLASSIFIED","OTHER","OUTSIDE A3 PRODUCTION","GENERAL / SOURCE","C:\Abay-Germes\HouseMaster\apps\web\.next\standalone\apps\web\.next\server\chunks\ssr","C:\Abay-Germes\HouseMaster\apps\web\.next\standalone\apps\web\.next\server\chunks\ssr\[root-of-the-server]__0gratdp._.js","8","19.08.2026 11:25:36"
"[root-of-the-server]__0ov-lxz._.js",".js","JS","UNCLASSIFIED","OTHER","OUTSIDE A3 PRODUCTION","GENERAL / SOURCE","C:\Abay-Germes\HouseMaster\apps\web\.next\standalone\apps\web\.next\server\chunks\ssr","C:\Abay-Germes\HouseMaster\apps\web\.next\standalone\apps\web\.next\server\chunks\ssr\[root-of-the-server]__0ov-lxz._.js","210,5","19.08.2026 11:25:36"
"[root-of-the-server]__0vfr5l5._.js",".js","JS","UNCLASSIFIED","OTHER","OUTSIDE A3 PRODUCTION","GENERAL / SOURCE","C:\Abay-Germes\HouseMaster\apps\web\.next\standalone\apps\web\.next\server\chunks\ssr","C:\Abay-Germes\HouseMaster\apps\web\.next\standalone\apps\web\.next\server\chunks\ssr\[root-of-the-server]__0vfr5l5._.js","10,9","19.08.2026 11:25:36"
"[root-of-the-server]__1b3_07m._.js",".js","JS","UNCLASSIFIED","OTHER","OUTSIDE A3 PRODUCTION","GENERAL / SOURCE","C:\Abay-Germes\HouseMaster\apps\web\.next\standalone\apps\web\.next\server\chunks\ssr","C:\Abay-Germes\HouseMaster\apps\web\.next\standalone\apps\web\.next\server\chunks\ssr\[root-of-the-server]__1b3_07m._.js","9,3","19.08.2026 11:25:36"
"[root-of-the-server]__1f4rlpp._.js",".js","JS","UNCLASSIFIED","OTHER","OUTSIDE A3 PRODUCTION","GENERAL / SOURCE","C:\Abay-Germes\HouseMaster\apps\web\.next\standalone\apps\web\.next\server\chunks\ssr","C:\Abay-Germes\HouseMaster\apps\web\.next\standalone\apps\web\.next\server\chunks\ssr\[root-of-the-server]__1f4rlpp._.js","7,5","19.08.2026 11:25:36"
"[root-of-the-server]__1j4-3v_._.js",".js","JS","UNCLASSIFIED","OTHER","OUTSIDE A3 PRODUCTION","GENERAL / SOURCE","C:\Abay-Germes\HouseMaster\apps\web\.next\standalone\apps\web\.next\server\chunks\ssr","C:\Abay-Germes\HouseMaster\apps\web\.next\standalone\apps\web\.next\server\chunks\ssr\[root-of-the-server]__1j4-3v_._.js","9,7","19.08.2026 11:25:36"
"[root-of-the-server]__1m1sww0._.js",".js","JS","UNCLASSIFIED","OTHER","OUTSIDE A3 PRODUCTION","GENERAL / SOURCE","C:\Abay-Germes\HouseMaster\apps\web\.next\standalone\apps\web\.next\server\chunks\ssr","C:\Abay-Germes\HouseMaster\apps\web\.next\standalone\apps\web\.next\server\chunks\ssr\[root-of-the-server]__1m1sww0._.js","10,5","19.08.2026 11:25:36"
"[root-of-the-server]__1mjhl6n._.js",".js","JS","UNCLASSIFIED","OTHER","OUTSIDE A3 PRODUCTION","GENERAL / SOURCE","C:\Abay-Germes\HouseMaster\apps\web\.next\standalone\apps\web\.next\server\chunks\ssr","C:\Abay-Germes\HouseMaster\apps\web\.next\standalone\apps\web\.next\server\chunks\ssr\[root-of-the-server]__1mjhl6n._.js","1,1","19.08.2026 11:25:36"
"[root-of-the-server]__1pii9ni._.js",".js","JS","UNCLASSIFIED","OTHER","OUTSIDE A3 PRODUCTION","GENERAL / SOURCE","C:\Abay-Germes\HouseMaster\apps\web\.next\standalone\apps\web\.next\server\chunks\ssr","C:\Abay-Germes\HouseMaster\apps\web\.next\standalone\apps\web\.next\server\chunks\ssr\[root-of-the-server]__1pii9ni._.js","9,3","19.08.2026 11:25:36"
"[turbopack]_runtime.js",".js","JS","UNCLASSIFIED","OTHER","OUTSIDE A3 PRODUCTION","GENERAL / SOURCE","C:\Abay-Germes\HouseMaster\apps\web\.next\standalone\apps\web\.next\server\chunks\ssr","C:\Abay-Germes\HouseMaster\apps\web\.next\standalone\apps\web\.next\server\chunks\ssr\[turbopack]_runtime.js","33,4","19.08.2026 11:25:36"
"_1j5qsly._.js",".js","JS","UNCLASSIFIED","OTHER","OUTSIDE A3 PRODUCTION","GENERAL / SOURCE","C:\Abay-Germes\HouseMaster\apps\web\.next\standalone\apps\web\.next\server\chunks\ssr","C:\Abay-Germes\HouseMaster\apps\web\.next\standalone\apps\web\.next\server\chunks\ssr\_1j5qsly._.js","44,3","19.08.2026 11:25:36"
"_1qoov_r._.js",".js","JS","UNCLASSIFIED","OTHER","OUTSIDE A3 PRODUCTION","GENERAL / SOURCE","C:\Abay-Germes\HouseMaster\apps\web\.next\standalone\apps\web\.next\server\chunks\ssr","C:\Abay-Germes\HouseMaster\apps\web\.next\standalone\apps\web\.next\server\chunks\ssr\_1qoov_r._.js","260,4","19.08.2026 11:25:36"
"1e9k_next_dist_0897xyn._.js",".js","JS","UNCLASSIFIED","OTHER","OUTSIDE A3 PRODUCTION","GENERAL / SOURCE","C:\Abay-Germes\HouseMaster\apps\web\.next\standalone\apps\web\.next\server\chunks\ssr","C:\Abay-Germes\HouseMaster\apps\web\.next\standalone\apps\web\.next\server\chunks\ssr\1e9k_next_dist_0897xyn._.js","99,5","19.08.2026 11:25:36"
"1e9k_next_dist_0acriir._.js",".js","JS","UNCLASSIFIED","OTHER","OUTSIDE A3 PRODUCTION","GENERAL / SOURCE","C:\Abay-Germes\HouseMaster\apps\web\.next\standalone\apps\web\.next\server\chunks\ssr","C:\Abay-Germes\HouseMaster\apps\web\.next\standalone\apps\web\.next\server\chunks\ssr\1e9k_next_dist_0acriir._.js","46,7","19.08.2026 11:25:36"
"1e9k_next_dist_0dcdltd._.js",".js","JS","UNCLASSIFIED","OTHER","OUTSIDE A3 PRODUCTION","GENERAL / SOURCE","C:\Abay-Germes\HouseMaster\apps\web\.next\standalone\apps\web\.next\server\chunks\ssr","C:\Abay-Germes\HouseMaster\apps\web\.next\standalone\apps\web\.next\server\chunks\ssr\1e9k_next_dist_0dcdltd._.js","13,6","19.08.2026 11:25:36"
"1e9k_next_dist_1oebadg._.js",".js","JS","UNCLASSIFIED","OTHER","OUTSIDE A3 PRODUCTION","GENERAL / SOURCE","C:\Abay-Germes\HouseMaster\apps\web\.next\standalone\apps\web\.next\server\chunks\ssr","C:\Abay-Germes\HouseMaster\apps\web\.next\standalone\apps\web\.next\server\chunks\ssr\1e9k_next_dist_1oebadg._.js","72,6","19.08.2026 11:25:36"
"1e9k_next_dist_client_components_0yf71j9._.js",".js","JS","UNCLASSIFIED","OTHER","OUTSIDE A3 PRODUCTION","GENERAL / SOURCE","C:\Abay-Germes\HouseMaster\apps\web\.next\standalone\apps\web\.next\server\chunks\ssr","C:\Abay-Germes\HouseMaster\apps\web\.next\standalone\apps\web\.next\server\chunks\ssr\1e9k_next_dist_client_components_0yf71j9._.js","2,5","19.08.2026 11:25:36"
"1e9k_next_dist_client_components_builtin_forbidden_1ggo7-6.js",".js","JS","UNCLASSIFIED","OTHER","OUTSIDE A3 PRODUCTION","GENERAL / SOURCE","C:\Abay-Germes\HouseMaster\apps\web\.next\standalone\apps\web\.next\server\chunks\ssr","C:\Abay-Germes\HouseMaster\apps\web\.next\standalone\apps\web\.next\server\chunks\ssr\1e9k_next_dist_client_components_builtin_forbidden_1ggo7-6.js","0,6","19.08.2026 11:25:36"
"1e9k_next_dist_client_components_builtin_global-error_00sump4.js",".js","JS","UNCLASSIFIED","OTHER","OUTSIDE A3 PRODUCTION","GENERAL / SOURCE","C:\Abay-Germes\HouseMaster\apps\web\.next\standalone\apps\web\.next\server\chunks\ssr","C:\Abay-Germes\HouseMaster\apps\web\.next\standalone\apps\web\.next\server\chunks\ssr\1e9k_next_dist_client_components_builtin_global-error_00sump4.js","0,6","19.08.2026 11:25:36"
"1e9k_next_dist_client_components_builtin_unauthorized_0pk5k4a.js",".js","JS","UNCLASSIFIED","OTHER","OUTSIDE A3 PRODUCTION","GENERAL / SOURCE","C:\Abay-Germes\HouseMaster\apps\web\.next\standalone\apps\web\.next\server\chunks\ssr","C:\Abay-Germes\HouseMaster\apps\web\.next\standalone\apps\web\.next\server\chunks\ssr\1e9k_next_dist_client_components_builtin_unauthorized_0pk5k4a.js","0,6","19.08.2026 11:25:36"
"1e9k_next_dist_esm_build_templates_app-page_0r6st8o.js",".js","JS","UNCLASSIFIED","OTHER","OUTSIDE A3 PRODUCTION","GENERAL / SOURCE","C:\Abay-Germes\HouseMaster\apps\web\.next\standalone\apps\web\.next\server\chunks\ssr","C:\Abay-Germes\HouseMaster\apps\web\.next\standalone\apps\web\.next\server\chunks\ssr\1e9k_next_dist_esm_build_templates_app-page_0r6st8o.js","22,5","19.08.2026 11:25:36"
"1e9k_next_dist_esm_build_templates_app-page_0y76c9_.js",".js","JS","UNCLASSIFIED","OTHER","OUTSIDE A3 PRODUCTION","GENERAL / SOURCE","C:\Abay-Germes\HouseMaster\apps\web\.next\standalone\apps\web\.next\server\chunks\ssr","C:\Abay-Germes\HouseMaster\apps\web\.next\standalone\apps\web\.next\server\chunks\ssr\1e9k_next_dist_esm_build_templates_app-page_0y76c9_.js","23","19.08.2026 11:25:36"
"1e9k_next_dist_esm_build_templates_app-page_1f5h62s.js",".js","JS","UNCLASSIFIED","OTHER","OUTSIDE A3 PRODUCTION","GENERAL / SOURCE","C:\Abay-Germes\HouseMaster\apps\web\.next\standalone\apps\web\.next\server\chunks\ssr","C:\Abay-Germes\HouseMaster\apps\web\.next\standalone\apps\web\.next\server\chunks\ssr\1e9k_next_dist_esm_build_templates_app-page_1f5h62s.js","23,2","19.08.2026 11:25:36"
"1e9k_next_dist_esm_build_templates_app-page_1hr3gmm.js",".js","JS","UNCLASSIFIED","OTHER","OUTSIDE A3 PRODUCTION","GENERAL / SOURCE","C:\Abay-Germes\HouseMaster\apps\web\.next\standalone\apps\web\.next\server\chunks\ssr","C:\Abay-Germes\HouseMaster\apps\web\.next\standalone\apps\web\.next\server\chunks\ssr\1e9k_next_dist_esm_build_templates_app-page_1hr3gmm.js","23","19.08.2026 11:25:36"
"1e9k_next_dist_esm_build_templates_app-page_1tld299.js",".js","JS","UNCLASSIFIED","OTHER","OUTSIDE A3 PRODUCTION","GENERAL / SOURCE","C:\Abay-Germes\HouseMaster\apps\web\.next\standalone\apps\web\.next\server\chunks\ssr","C:\Abay-Germes\HouseMaster\apps\web\.next\standalone\apps\web\.next\server\chunks\ssr\1e9k_next_dist_esm_build_templates_app-page_1tld299.js","23","19.08.2026 11:25:36"
"apps_web__next-internal_server_app__global-error_page_actions_1vxuwj7.js",".js","JS","UNCLASSIFIED","OTHER","OUTSIDE A3 PRODUCTION","GENERAL / SOURCE","C:\Abay-Germes\HouseMaster\apps\web\.next\standalone\apps\web\.next\server\chunks\ssr","C:\Abay-Germes\HouseMaster\apps\web\.next\standalone\apps\web\.next\server\chunks\ssr\apps_web__next-internal_server_app__global-error_page_actions_1vxuwj7.js","0,1","19.08.2026 11:25:36"
"apps_web__next-internal_server_app__not-found_page_actions_0iqyci7.js",".js","JS","UNCLASSIFIED","OTHER","OUTSIDE A3 PRODUCTION","GENERAL / SOURCE","C:\Abay-Germes\HouseMaster\apps\web\.next\standalone\apps\web\.next\server\chunks\ssr","C:\Abay-Germes\HouseMaster\apps\web\.next\standalone\apps\web\.next\server\chunks\ssr\apps_web__next-internal_server_app__not-found_page_actions_0iqyci7.js","0,1","19.08.2026 11:25:36"
"apps_web__next-internal_server_app_login_page_actions_1cgde9j.js",".js","JS","UNCLASSIFIED","OTHER","OUTSIDE A3 PRODUCTION","GENERAL / SOURCE","C:\Abay-Germes\HouseMaster\apps\web\.next\standalone\apps\web\.next\server\chunks\ssr","C:\Abay-Germes\HouseMaster\apps\web\.next\standalone\apps\web\.next\server\chunks\ssr\apps_web__next-internal_server_app_login_page_actions_1cgde9j.js","0,1","19.08.2026 11:25:36"
"apps_web__next-internal_server_app_page_actions_1agtzgh.js",".js","JS","UNCLASSIFIED","OTHER","OUTSIDE A3 PRODUCTION","GENERAL / SOURCE","C:\Abay-Germes\HouseMaster\apps\web\.next\standalone\apps\web\.next\server\chunks\ssr","C:\Abay-Germes\HouseMaster\apps\web\.next\standalone\apps\web\.next\server\chunks\ssr\apps_web__next-internal_server_app_page_actions_1agtzgh.js","0,1","19.08.2026 11:25:36"
"node_modules__pnpm_056tohs._.js",".js","JS","UNCLASSIFIED","OTHER","OUTSIDE A3 PRODUCTION","GENERAL / SOURCE","C:\Abay-Germes\HouseMaster\apps\web\.next\standalone\apps\web\.next\server\chunks\ssr","C:\Abay-Germes\HouseMaster\apps\web\.next\standalone\apps\web\.next\server\chunks\ssr\node_modules__pnpm_056tohs._.js","2,3","19.08.2026 11:25:36"
"node_modules__pnpm_0juuhxd._.js",".js","JS","UNCLASSIFIED","OTHER","OUTSIDE A3 PRODUCTION","GENERAL / SOURCE","C:\Abay-Germes\HouseMaster\apps\web\.next\standalone\apps\web\.next\server\chunks\ssr","C:\Abay-Germes\HouseMaster\apps\web\.next\standalone\apps\web\.next\server\chunks\ssr\node_modules__pnpm_0juuhxd._.js","5,8","19.08.2026 11:25:36"
"node_modules__pnpm_0p--lvu._.js",".js","JS","UNCLASSIFIED","OTHER","OUTSIDE A3 PRODUCTION","GENERAL / SOURCE","C:\Abay-Germes\HouseMaster\apps\web\.next\standalone\apps\web\.next\server\chunks\ssr","C:\Abay-Germes\HouseMaster\apps\web\.next\standalone\apps\web\.next\server\chunks\ssr\node_modules__pnpm_0p--lvu._.js","2,1","19.08.2026 11:25:36"
"node_modules__pnpm_1jj512d._.js",".js","JS","UNCLASSIFIED","OTHER","OUTSIDE A3 PRODUCTION","GENERAL / SOURCE","C:\Abay-Germes\HouseMaster\apps\web\.next\standalone\apps\web\.next\server\chunks\ssr","C:\Abay-Germes\HouseMaster\apps\web\.next\standalone\apps\web\.next\server\chunks\ssr\node_modules__pnpm_1jj512d._.js","3,7","19.08.2026 11:25:36"
"functions-config-manifest.json",".json","JSON","UNCLASSIFIED","OTHER","OUTSIDE A3 PRODUCTION","GENERAL / SOURCE","C:\Abay-Germes\HouseMaster\apps\web\.next\standalone\apps\web\.next\server","C:\Abay-Germes\HouseMaster\apps\web\.next\standalone\apps\web\.next\server\functions-config-manifest.json","0,4","19.08.2026 11:25:46"
"middleware.js",".js","JS","UNCLASSIFIED","OTHER","OUTSIDE A3 PRODUCTION","GENERAL / SOURCE","C:\Abay-Germes\HouseMaster\apps\web\.next\standalone\apps\web\.next\server","C:\Abay-Germes\HouseMaster\apps\web\.next\standalone\apps\web\.next\server\middleware.js","0,2","19.08.2026 11:25:36"
"middleware-build-manifest.js",".js","JS","UNCLASSIFIED","OTHER","OUTSIDE A3 PRODUCTION","GENERAL / SOURCE","C:\Abay-Germes\HouseMaster\apps\web\.next\standalone\apps\web\.next\server","C:\Abay-Germes\HouseMaster\apps\web\.next\standalone\apps\web\.next\server\middleware-build-manifest.js","0,6","19.08.2026 11:25:36"
"middleware-manifest.json",".json","JSON","UNCLASSIFIED","OTHER","OUTSIDE A3 PRODUCTION","GENERAL / SOURCE","C:\Abay-Germes\HouseMaster\apps\web\.next\standalone\apps\web\.next\server","C:\Abay-Germes\HouseMaster\apps\web\.next\standalone\apps\web\.next\server\middleware-manifest.json","0,1","19.08.2026 11:25:36"
"next-font-manifest.js",".js","JS","UNCLASSIFIED","OTHER","OUTSIDE A3 PRODUCTION","GENERAL / SOURCE","C:\Abay-Germes\HouseMaster\apps\web\.next\standalone\apps\web\.next\server","C:\Abay-Germes\HouseMaster\apps\web\.next\standalone\apps\web\.next\server\next-font-manifest.js","0,9","19.08.2026 11:25:36"
"next-font-manifest.json",".json","JSON","UNCLASSIFIED","OTHER","OUTSIDE A3 PRODUCTION","GENERAL / SOURCE","C:\Abay-Germes\HouseMaster\apps\web\.next\standalone\apps\web\.next\server","C:\Abay-Germes\HouseMaster\apps\web\.next\standalone\apps\web\.next\server\next-font-manifest.json","0,8","19.08.2026 11:25:36"
"404.html",".html","HTML","UNCLASSIFIED","OTHER","OUTSIDE A3 PRODUCTION","GENERAL / SOURCE","C:\Abay-Germes\HouseMaster\apps\web\.next\standalone\apps\web\.next\server\pages","C:\Abay-Germes\HouseMaster\apps\web\.next\standalone\apps\web\.next\server\pages\404.html","9,1","19.08.2026 11:25:47"
"500.html",".html","HTML","UNCLASSIFIED","OTHER","OUTSIDE A3 PRODUCTION","GENERAL / SOURCE","C:\Abay-Germes\HouseMaster\apps\web\.next\standalone\apps\web\.next\server\pages","C:\Abay-Germes\HouseMaster\apps\web\.next\standalone\apps\web\.next\server\pages\500.html","9,5","19.08.2026 11:25:47"
"pages-manifest.json",".json","JSON","UNCLASSIFIED","OTHER","OUTSIDE A3 PRODUCTION","GENERAL / SOURCE","C:\Abay-Germes\HouseMaster\apps\web\.next\standalone\apps\web\.next\server","C:\Abay-Germes\HouseMaster\apps\web\.next\standalone\apps\web\.next\server\pages-manifest.json","0,1","19.08.2026 11:25:47"
"prefetch-hints.json",".json","JSON","UNCLASSIFIED","OTHER","OUTSIDE A3 PRODUCTION","GENERAL / SOURCE","C:\Abay-Germes\HouseMaster\apps\web\.next\standalone\apps\web\.next\server","C:\Abay-Germes\HouseMaster\apps\web\.next\standalone\apps\web\.next\server\prefetch-hints.json","0","19.08.2026 11:25:47"
"server-reference-manifest.js",".js","JS","UNCLASSIFIED","OTHER","OUTSIDE A3 PRODUCTION","GENERAL / SOURCE","C:\Abay-Germes\HouseMaster\apps\web\.next\standalone\apps\web\.next\server","C:\Abay-Germes\HouseMaster\apps\web\.next\standalone\apps\web\.next\server\server-reference-manifest.js","0,6","19.08.2026 11:25:36"
"server-reference-manifest.json",".json","JSON","UNCLASSIFIED","OTHER","OUTSIDE A3 PRODUCTION","GENERAL / SOURCE","C:\Abay-Germes\HouseMaster\apps\web\.next\standalone\apps\web\.next\server","C:\Abay-Germes\HouseMaster\apps\web\.next\standalone\apps\web\.next\server\server-reference-manifest.json","0,5","19.08.2026 11:25:36"
"package.json",".json","JSON","UNCLASSIFIED","OTHER","OUTSIDE A3 PRODUCTION","GENERAL / SOURCE","C:\Abay-Germes\HouseMaster\apps\web\.next\standalone\apps\web","C:\Abay-Germes\HouseMaster\apps\web\.next\standalone\apps\web\package.json","0,7","19.08.2026 11:25:47"
"server.js",".js","JS","UNCLASSIFIED","OTHER","OUTSIDE A3 PRODUCTION","GENERAL / SOURCE","C:\Abay-Germes\HouseMaster\apps\web\.next\standalone\apps\web","C:\Abay-Germes\HouseMaster\apps\web\.next\standalone\apps\web\server.js","6,7","19.08.2026 11:25:48"
"045env0wdm_md.js",".js","JS","UNCLASSIFIED","OTHER","OUTSIDE A3 PRODUCTION","GENERAL / SOURCE","C:\Abay-Germes\HouseMaster\apps\web\.next\static\chunks","C:\Abay-Germes\HouseMaster\apps\web\.next\static\chunks\045env0wdm_md.js","5,7","19.08.2026 11:25:36"
"0cz1d0mv5g_q7.js",".js","JS","UNCLASSIFIED","OTHER","OUTSIDE A3 PRODUCTION","GENERAL / SOURCE","C:\Abay-Germes\HouseMaster\apps\web\.next\static\chunks","C:\Abay-Germes\HouseMaster\apps\web\.next\static\chunks\0cz1d0mv5g_q7.js","110","19.08.2026 11:25:36"
"0mqy7wnsnt4zd.js",".js","JS","UNCLASSIFIED","OTHER","OUTSIDE A3 PRODUCTION","GENERAL / SOURCE","C:\Abay-Germes\HouseMaster\apps\web\.next\static\chunks","C:\Abay-Germes\HouseMaster\apps\web\.next\static\chunks\0mqy7wnsnt4zd.js","30,7","19.08.2026 11:25:36"
"19t2aopm32_o-.js",".js","JS","UNCLASSIFIED","OTHER","OUTSIDE A3 PRODUCTION","GENERAL / SOURCE","C:\Abay-Germes\HouseMaster\apps\web\.next\static\chunks","C:\Abay-Germes\HouseMaster\apps\web\.next\static\chunks\19t2aopm32_o-.js","5,5","19.08.2026 11:25:36"
"1crr6a7au8jsy.js",".js","JS","UNCLASSIFIED","OTHER","OUTSIDE A3 PRODUCTION","GENERAL / SOURCE","C:\Abay-Germes\HouseMaster\apps\web\.next\static\chunks","C:\Abay-Germes\HouseMaster\apps\web\.next\static\chunks\1crr6a7au8jsy.js","134,2","19.08.2026 11:25:36"
"2irhrq6c2p5qb.js",".js","JS","UNCLASSIFIED","OTHER","OUTSIDE A3 PRODUCTION","GENERAL / SOURCE","C:\Abay-Germes\HouseMaster\apps\web\.next\static\chunks","C:\Abay-Germes\HouseMaster\apps\web\.next\static\chunks\2irhrq6c2p5qb.js","14,9","19.08.2026 11:25:36"
"2vd9yfz6sqz--.js",".js","JS","UNCLASSIFIED","OTHER","OUTSIDE A3 PRODUCTION","GENERAL / SOURCE","C:\Abay-Germes\HouseMaster\apps\web\.next\static\chunks","C:\Abay-Germes\HouseMaster\apps\web\.next\static\chunks\2vd9yfz6sqz--.js","9,6","19.08.2026 11:25:36"
"2zmh-1tq24b8s.js",".js","JS","UNCLASSIFIED","OTHER","OUTSIDE A3 PRODUCTION","GENERAL / SOURCE","C:\Abay-Germes\HouseMaster\apps\web\.next\static\chunks","C:\Abay-Germes\HouseMaster\apps\web\.next\static\chunks\2zmh-1tq24b8s.js","3,3","19.08.2026 11:25:36"
"34rzc0b0qckbm.js",".js","JS","UNCLASSIFIED","OTHER","OUTSIDE A3 PRODUCTION","GENERAL / SOURCE","C:\Abay-Germes\HouseMaster\apps\web\.next\static\chunks","C:\Abay-Germes\HouseMaster\apps\web\.next\static\chunks\34rzc0b0qckbm.js","43,4","19.08.2026 11:25:36"
"3984ey_86ov83.css",".css","CSS","UNCLASSIFIED","OTHER","OUTSIDE A3 PRODUCTION","GENERAL / SOURCE","C:\Abay-Germes\HouseMaster\apps\web\.next\static\chunks","C:\Abay-Germes\HouseMaster\apps\web\.next\static\chunks\3984ey_86ov83.css","15,6","19.08.2026 11:25:36"
"3hm4udpnd6vck.js",".js","JS","UNCLASSIFIED","OTHER","OUTSIDE A3 PRODUCTION","GENERAL / SOURCE","C:\Abay-Germes\HouseMaster\apps\web\.next\static\chunks","C:\Abay-Germes\HouseMaster\apps\web\.next\static\chunks\3hm4udpnd6vck.js","222","19.08.2026 11:25:36"
"3ialrnk38c072.js",".js","JS","UNCLASSIFIED","OTHER","OUTSIDE A3 PRODUCTION","GENERAL / SOURCE","C:\Abay-Germes\HouseMaster\apps\web\.next\static\chunks","C:\Abay-Germes\HouseMaster\apps\web\.next\static\chunks\3ialrnk38c072.js","53,4","19.08.2026 11:25:36"
"3s0lcbf7grrmr.js",".js","JS","UNCLASSIFIED","OTHER","OUTSIDE A3 PRODUCTION","GENERAL / SOURCE","C:\Abay-Germes\HouseMaster\apps\web\.next\static\chunks","C:\Abay-Germes\HouseMaster\apps\web\.next\static\chunks\3s0lcbf7grrmr.js","2,4","19.08.2026 11:25:36"
"turbopack-2p-n4dwj9by_b.js",".js","JS","UNCLASSIFIED","OTHER","OUTSIDE A3 PRODUCTION","GENERAL / SOURCE","C:\Abay-Germes\HouseMaster\apps\web\.next\static\chunks","C:\Abay-Germes\HouseMaster\apps\web\.next\static\chunks\turbopack-2p-n4dwj9by_b.js","10,4","19.08.2026 11:25:36"
"4fa387ec64143e14-s.2tuy5pz7dlieh.woff2",".woff2","WOFF2","UNCLASSIFIED","OTHER","OUTSIDE A3 PRODUCTION","GENERAL / SOURCE","C:\Abay-Germes\HouseMaster\apps\web\.next\static\media","C:\Abay-Germes\HouseMaster\apps\web\.next\static\media\4fa387ec64143e14-s.2tuy5pz7dlieh.woff2","12,6","19.08.2026 11:25:36"
"53b9e256198e5412-s.390ncx5urfkfu.woff2",".woff2","WOFF2","UNCLASSIFIED","OTHER","OUTSIDE A3 PRODUCTION","GENERAL / SOURCE","C:\Abay-Germes\HouseMaster\apps\web\.next\static\media","C:\Abay-Germes\HouseMaster\apps\web\.next\static\media\53b9e256198e5412-s.390ncx5urfkfu.woff2","7,8","19.08.2026 11:25:36"
"5ce348bf30bf5439-s.31988l_ccedte.woff2",".woff2","WOFF2","UNCLASSIFIED","OTHER","OUTSIDE A3 PRODUCTION","GENERAL / SOURCE","C:\Abay-Germes\HouseMaster\apps\web\.next\static\media","C:\Abay-Germes\HouseMaster\apps\web\.next\static\media\5ce348bf30bf5439-s.31988l_ccedte.woff2","6,1","19.08.2026 11:25:36"
"6306c77e7c8268e4-s.2dbetqa9o8jxf.woff2",".woff2","WOFF2","UNCLASSIFIED","OTHER","OUTSIDE A3 PRODUCTION","QA / REVIEW","C:\Abay-Germes\HouseMaster\apps\web\.next\static\media","C:\Abay-Germes\HouseMaster\apps\web\.next\static\media\6306c77e7c8268e4-s.2dbetqa9o8jxf.woff2","5,8","19.08.2026 11:25:36"
"7178b3e590c64307-s.21jp631_3pja2.woff2",".woff2","WOFF2","UNCLASSIFIED","OTHER","OUTSIDE A3 PRODUCTION","GENERAL / SOURCE","C:\Abay-Germes\HouseMaster\apps\web\.next\static\media","C:\Abay-Germes\HouseMaster\apps\web\.next\static\media\7178b3e590c64307-s.21jp631_3pja2.woff2","16,2","19.08.2026 11:25:36"
"797e433ab948586e-s.p.0r6juujl39pe6.woff2",".woff2","WOFF2","UNCLASSIFIED","OTHER","OUTSIDE A3 PRODUCTION","GENERAL / SOURCE","C:\Abay-Germes\HouseMaster\apps\web\.next\static\media","C:\Abay-Germes\HouseMaster\apps\web\.next\static\media\797e433ab948586e-s.p.0r6juujl39pe6.woff2","22,6","19.08.2026 11:25:36"
"7d817b4c03b0c5f1-s.1uyisp29ctx0d.woff2",".woff2","WOFF2","UNCLASSIFIED","OTHER","OUTSIDE A3 PRODUCTION","GENERAL / SOURCE","C:\Abay-Germes\HouseMaster\apps\web\.next\static\media","C:\Abay-Germes\HouseMaster\apps\web\.next\static\media\7d817b4c03b0c5f1-s.1uyisp29ctx0d.woff2","7,5","19.08.2026 11:25:36"
"8a480f0b521d4e75-s.1qq4vpdcun5oj.woff2",".woff2","WOFF2","UNCLASSIFIED","OTHER","OUTSIDE A3 PRODUCTION","GENERAL / SOURCE","C:\Abay-Germes\HouseMaster\apps\web\.next\static\media","C:\Abay-Germes\HouseMaster\apps\web\.next\static\media\8a480f0b521d4e75-s.1qq4vpdcun5oj.woff2","14,6","19.08.2026 11:25:36"
"bbc41e54d2fcbd21-s.1rgnod-3esatf.woff2",".woff2","WOFF2","UNCLASSIFIED","OTHER","OUTSIDE A3 PRODUCTION","GENERAL / SOURCE","C:\Abay-Germes\HouseMaster\apps\web\.next\static\media","C:\Abay-Germes\HouseMaster\apps\web\.next\static\media\bbc41e54d2fcbd21-s.1rgnod-3esatf.woff2","14,4","19.08.2026 11:25:36"
"caa3a2e1cccd8315-s.p.0wgildi0cnwt9.woff2",".woff2","WOFF2","UNCLASSIFIED","OTHER","OUTSIDE A3 PRODUCTION","GENERAL / SOURCE","C:\Abay-Germes\HouseMaster\apps\web\.next\static\media","C:\Abay-Germes\HouseMaster\apps\web\.next\static\media\caa3a2e1cccd8315-s.p.0wgildi0cnwt9.woff2","28,6","19.08.2026 11:25:36"
"favicon.2vob68tjqpejf.ico",".ico","ICO","UNCLASSIFIED","OTHER","OUTSIDE A3 PRODUCTION","GENERAL / SOURCE","C:\Abay-Germes\HouseMaster\apps\web\.next\static\media","C:\Abay-Germes\HouseMaster\apps\web\.next\static\media\favicon.2vob68tjqpejf.ico","25,3","19.08.2026 11:25:36"
"fef07dbb0973bf53-s.3p2_lha1f2xer.woff2",".woff2","WOFF2","UNCLASSIFIED","OTHER","OUTSIDE A3 PRODUCTION","GENERAL / SOURCE","C:\Abay-Germes\HouseMaster\apps\web\.next\static\media","C:\Abay-Germes\HouseMaster\apps\web\.next\static\media\fef07dbb0973bf53-s.3p2_lha1f2xer.woff2","7,1","19.08.2026 11:25:36"
"_buildManifest.js",".js","JS","UNCLASSIFIED","OTHER","OUTSIDE A3 PRODUCTION","GENERAL / SOURCE","C:\Abay-Germes\HouseMaster\apps\web\.next\static\UhMPG3rFaZeoeQ4IyNlrw","C:\Abay-Germes\HouseMaster\apps\web\.next\static\UhMPG3rFaZeoeQ4IyNlrw\_buildManifest.js","0,2","19.08.2026 11:25:36"
"_clientMiddlewareManifest.js",".js","JS","UNCLASSIFIED","OTHER","OUTSIDE A3 PRODUCTION","GENERAL / SOURCE","C:\Abay-Germes\HouseMaster\apps\web\.next\static\UhMPG3rFaZeoeQ4IyNlrw","C:\Abay-Germes\HouseMaster\apps\web\.next\static\UhMPG3rFaZeoeQ4IyNlrw\_clientMiddlewareManifest.js","0,4","19.08.2026 11:25:46"
"_ssgManifest.js",".js","JS","UNCLASSIFIED","OTHER","OUTSIDE A3 PRODUCTION","GENERAL / SOURCE","C:\Abay-Germes\HouseMaster\apps\web\.next\static\UhMPG3rFaZeoeQ4IyNlrw","C:\Abay-Germes\HouseMaster\apps\web\.next\static\UhMPG3rFaZeoeQ4IyNlrw\_ssgManifest.js","0,1","19.08.2026 11:25:47"
"trace","","","UNCLASSIFIED","OTHER","OUTSIDE A3 PRODUCTION","GENERAL / SOURCE","C:\Abay-Germes\HouseMaster\apps\web\.next","C:\Abay-Germes\HouseMaster\apps\web\.next\trace","7,1","19.08.2026 11:25:48"
"trace-build","","","UNCLASSIFIED","OTHER","OUTSIDE A3 PRODUCTION","GENERAL / SOURCE","C:\Abay-Germes\HouseMaster\apps\web\.next","C:\Abay-Germes\HouseMaster\apps\web\.next\trace-build","1,3","19.08.2026 11:25:48"
"turbopack","","","UNCLASSIFIED","OTHER","OUTSIDE A3 PRODUCTION","GENERAL / SOURCE","C:\Abay-Germes\HouseMaster\apps\web\.next","C:\Abay-Germes\HouseMaster\apps\web\.next\turbopack","0","19.08.2026 11:25:21"
"cache-life.d.ts",".ts","TS","UNCLASSIFIED","OTHER","OUTSIDE A3 PRODUCTION","GENERAL / SOURCE","C:\Abay-Germes\HouseMaster\apps\web\.next\types","C:\Abay-Germes\HouseMaster\apps\web\.next\types\cache-life.d.ts","5,7","19.08.2026 11:25:20"
"routes.d.ts",".ts","TS","UNCLASSIFIED","OTHER","OUTSIDE A3 PRODUCTION","GENERAL / SOURCE","C:\Abay-Germes\HouseMaster\apps\web\.next\types","C:\Abay-Germes\HouseMaster\apps\web\.next\types\routes.d.ts","2","19.08.2026 11:25:20"
"validator.ts",".ts","TS","UNCLASSIFIED","OTHER","OUTSIDE A3 PRODUCTION","GENERAL / SOURCE","C:\Abay-Germes\HouseMaster\apps\web\.next\types","C:\Abay-Germes\HouseMaster\apps\web\.next\types\validator.ts","4,2","19.08.2026 11:25:20"
"eslint.config.mjs",".mjs","MJS","UNCLASSIFIED","OTHER","OUTSIDE A3 PRODUCTION","GENERAL / SOURCE","C:\Abay-Germes\HouseMaster\apps\web","C:\Abay-Germes\HouseMaster\apps\web\eslint.config.mjs","0,5","24.07.2026 12:56:51"
"next.config.ts",".ts","TS","UNCLASSIFIED","OTHER","OUTSIDE A3 PRODUCTION","GENERAL / SOURCE","C:\Abay-Germes\HouseMaster\apps\web","C:\Abay-Germes\HouseMaster\apps\web\next.config.ts","0,3","24.07.2026 15:30:41"
"next-auth.d.ts",".ts","TS","UNCLASSIFIED","OTHER","OUTSIDE A3 PRODUCTION","GENERAL / SOURCE","C:\Abay-Germes\HouseMaster\apps\web","C:\Abay-Germes\HouseMaster\apps\web\next-auth.d.ts","0,4","24.07.2026 13:46:27"
"next-env.d.ts",".ts","TS","UNCLASSIFIED","OTHER","OUTSIDE A3 PRODUCTION","GENERAL / SOURCE","C:\Abay-Germes\HouseMaster\apps\web","C:\Abay-Germes\HouseMaster\apps\web\next-env.d.ts","0,2","15.08.2026 14:51:23"
"package.json",".json","JSON","UNCLASSIFIED","OTHER","OUTSIDE A3 PRODUCTION","GENERAL / SOURCE","C:\Abay-Germes\HouseMaster\apps\web","C:\Abay-Germes\HouseMaster\apps\web\package.json","0,7","16.08.2026 11:24:04"
"postcss.config.mjs",".mjs","MJS","UNCLASSIFIED","OTHER","OUTSIDE A3 PRODUCTION","GENERAL / SOURCE","C:\Abay-Germes\HouseMaster\apps\web","C:\Abay-Germes\HouseMaster\apps\web\postcss.config.mjs","0,1","24.07.2026 12:56:51"
"file.svg",".svg","SVG","UNCLASSIFIED","OTHER","OUTSIDE A3 PRODUCTION","GENERAL / SOURCE","C:\Abay-Germes\HouseMaster\apps\web\public","C:\Abay-Germes\HouseMaster\apps\web\public\file.svg","0,4","24.07.2026 12:56:51"
"globe.svg",".svg","SVG","UNCLASSIFIED","OTHER","OUTSIDE A3 PRODUCTION","GENERAL / SOURCE","C:\Abay-Germes\HouseMaster\apps\web\public","C:\Abay-Germes\HouseMaster\apps\web\public\globe.svg","1","24.07.2026 12:56:51"
"next.svg",".svg","SVG","UNCLASSIFIED","OTHER","OUTSIDE A3 PRODUCTION","GENERAL / SOURCE","C:\Abay-Germes\HouseMaster\apps\web\public","C:\Abay-Germes\HouseMaster\apps\web\public\next.svg","1,3","24.07.2026 12:56:51"
"vercel.svg",".svg","SVG","UNCLASSIFIED","OTHER","OUTSIDE A3 PRODUCTION","GENERAL / SOURCE","C:\Abay-Germes\HouseMaster\apps\web\public","C:\Abay-Germes\HouseMaster\apps\web\public\vercel.svg","0,1","24.07.2026 12:56:51"
"window.svg",".svg","SVG","UNCLASSIFIED","OTHER","OUTSIDE A3 PRODUCTION","GENERAL / SOURCE","C:\Abay-Germes\HouseMaster\apps\web\public","C:\Abay-Germes\HouseMaster\apps\web\public\window.svg","0,4","24.07.2026 12:56:51"
"README.md",".md","MARKDOWN","UNCLASSIFIED","OTHER","OUTSIDE A3 PRODUCTION","GENERAL / SOURCE","C:\Abay-Germes\HouseMaster\apps\web","C:\Abay-Germes\HouseMaster\apps\web\README.md","1,5","24.07.2026 12:56:51"
"page.tsx",".tsx","TSX","UNCLASSIFIED","OTHER","OUTSIDE A3 PRODUCTION","GENERAL / SOURCE","C:\Abay-Germes\HouseMaster\apps\web\src\app\admin","C:\Abay-Germes\HouseMaster\apps\web\src\app\admin\page.tsx","2,7","13.08.2026 16:19:39"
"route.ts",".ts","TS","UNCLASSIFIED","OTHER","OUTSIDE A3 PRODUCTION","GENERAL / SOURCE","C:\Abay-Germes\HouseMaster\apps\web\src\app\api\auth\[...nextauth]","C:\Abay-Germes\HouseMaster\apps\web\src\app\api\auth\[...nextauth]\route.ts","0,1","24.07.2026 13:46:27"
"route.ts",".ts","TS","UNCLASSIFIED","OTHER","OUTSIDE A3 PRODUCTION","GENERAL / SOURCE","C:\Abay-Germes\HouseMaster\apps\web\src\app\api\health\db","C:\Abay-Germes\HouseMaster\apps\web\src\app\api\health\db\route.ts","0,4","17.08.2026 14:12:16"
"favicon.ico",".ico","ICO","UNCLASSIFIED","OTHER","OUTSIDE A3 PRODUCTION","GENERAL / SOURCE","C:\Abay-Germes\HouseMaster\apps\web\src\app","C:\Abay-Germes\HouseMaster\apps\web\src\app\favicon.ico","25,3","24.07.2026 12:56:51"
"globals.css",".css","CSS","UNCLASSIFIED","OTHER","OUTSIDE A3 PRODUCTION","GENERAL / SOURCE","C:\Abay-Germes\HouseMaster\apps\web\src\app","C:\Abay-Germes\HouseMaster\apps\web\src\app\globals.css","0,5","24.07.2026 12:56:51"
"layout.tsx",".tsx","TSX","UNCLASSIFIED","OTHER","OUTSIDE A3 PRODUCTION","GENERAL / SOURCE","C:\Abay-Germes\HouseMaster\apps\web\src\app","C:\Abay-Germes\HouseMaster\apps\web\src\app\layout.tsx","0,9","24.07.2026 13:46:27"
"page.tsx",".tsx","TSX","UNCLASSIFIED","OTHER","OUTSIDE A3 PRODUCTION","GENERAL / SOURCE","C:\Abay-Germes\HouseMaster\apps\web\src\app\login","C:\Abay-Germes\HouseMaster\apps\web\src\app\login\page.tsx","3,2","24.07.2026 13:46:27"
"page.tsx",".tsx","TSX","UNCLASSIFIED","OTHER","OUTSIDE A3 PRODUCTION","GENERAL / SOURCE","C:\Abay-Germes\HouseMaster\apps\web\src\app","C:\Abay-Germes\HouseMaster\apps\web\src\app\page.tsx","0,6","24.07.2026 13:46:27"
"auth.ts",".ts","TS","UNCLASSIFIED","OTHER","OUTSIDE A3 PRODUCTION","GENERAL / SOURCE","C:\Abay-Germes\HouseMaster\apps\web\src\lib","C:\Abay-Germes\HouseMaster\apps\web\src\lib\auth.ts","3,1","13.08.2026 16:45:11"
"prisma.ts",".ts","TS","UNCLASSIFIED","OTHER","OUTSIDE A3 PRODUCTION","GENERAL / SOURCE","C:\Abay-Germes\HouseMaster\apps\web\src\lib","C:\Abay-Germes\HouseMaster\apps\web\src\lib\prisma.ts","1","17.08.2026 14:10:08"
"proxy.ts",".ts","TS","UNCLASSIFIED","OTHER","OUTSIDE A3 PRODUCTION","GENERAL / SOURCE","C:\Abay-Germes\HouseMaster\apps\web\src","C:\Abay-Germes\HouseMaster\apps\web\src\proxy.ts","0,7","24.07.2026 15:53:02"
"tsconfig.json",".json","JSON","UNCLASSIFIED","OTHER","OUTSIDE A3 PRODUCTION","GENERAL / SOURCE","C:\Abay-Germes\HouseMaster\apps\web","C:\Abay-Germes\HouseMaster\apps\web\tsconfig.json","0,7","24.07.2026 12:56:51"
"cloudbuild.yaml",".yaml","YAML","UNCLASSIFIED","OTHER","OUTSIDE A3 PRODUCTION","GENERAL / SOURCE","C:\Abay-Germes\HouseMaster","C:\Abay-Germes\HouseMaster\cloudbuild.yaml","1,3","13.08.2026 13:51:22"
"Dockerfile","","","UNCLASSIFIED","OTHER","OUTSIDE A3 PRODUCTION","GENERAL / SOURCE","C:\Abay-Germes\HouseMaster","C:\Abay-Germes\HouseMaster\Dockerfile","4,6","19.08.2026 16:58:27"
"ADR-0001-monorepo-nextjs.md",".md","MARKDOWN","UNCLASSIFIED","OTHER","OUTSIDE A3 PRODUCTION","GENERAL / SOURCE","C:\Abay-Germes\HouseMaster\docs\adr","C:\Abay-Germes\HouseMaster\docs\adr\ADR-0001-monorepo-nextjs.md","3","24.07.2026 12:56:51"
"ADR-0002-gcp-first.md",".md","MARKDOWN","UNCLASSIFIED","OTHER","OUTSIDE A3 PRODUCTION","GENERAL / SOURCE","C:\Abay-Germes\HouseMaster\docs\adr","C:\Abay-Germes\HouseMaster\docs\adr\ADR-0002-gcp-first.md","5,9","24.07.2026 12:56:51"
"ADR-0003-cloud-sql-postgresql.md",".md","MARKDOWN","UNCLASSIFIED","OTHER","OUTSIDE A3 PRODUCTION","GENERAL / SOURCE","C:\Abay-Germes\HouseMaster\docs\adr","C:\Abay-Germes\HouseMaster\docs\adr\ADR-0003-cloud-sql-postgresql.md","5,3","24.07.2026 12:56:51"
"ADR-0004-authentication-architecture.md",".md","MARKDOWN","UNCLASSIFIED","OTHER","OUTSIDE A3 PRODUCTION","GENERAL / SOURCE","C:\Abay-Germes\HouseMaster\docs\adr","C:\Abay-Germes\HouseMaster\docs\adr\ADR-0004-authentication-architecture.md","10,9","24.07.2026 12:56:51"
"000-system-overview.md",".md","MARKDOWN","UNCLASSIFIED","OTHER","OUTSIDE A3 PRODUCTION","GENERAL / SOURCE","C:\Abay-Germes\HouseMaster\docs\architecture","C:\Abay-Germes\HouseMaster\docs\architecture\000-system-overview.md","41,3","01.08.2026 6:54:50"
"002-gcp-architecture.md",".md","MARKDOWN","UNCLASSIFIED","OTHER","OUTSIDE A3 PRODUCTION","GENERAL / SOURCE","C:\Abay-Germes\HouseMaster\docs\architecture","C:\Abay-Germes\HouseMaster\docs\architecture\002-gcp-architecture.md","13,1","01.08.2026 6:54:50"
"ADR-0005-final.md",".md","MARKDOWN","UNCLASSIFIED","OTHER","OUTSIDE A3 PRODUCTION","GENERAL / SOURCE","C:\Abay-Germes\HouseMaster\docs\architecture","C:\Abay-Germes\HouseMaster\docs\architecture\ADR-0005-final.md","29","01.08.2026 8:27:02"
"ADR-0006-prisma7-config-model.md",".md","MARKDOWN","UNCLASSIFIED","OTHER","OUTSIDE A3 PRODUCTION","GENERAL / SOURCE","C:\Abay-Germes\HouseMaster\docs\architecture","C:\Abay-Germes\HouseMaster\docs\architecture\ADR-0006-prisma7-config-model.md","11,5","15.08.2026 17:14:32"
"adr-checklist.md",".md","MARKDOWN","UNCLASSIFIED","OTHER","OUTSIDE A3 PRODUCTION","GENERAL / SOURCE","C:\Abay-Germes\HouseMaster\docs\architecture","C:\Abay-Germes\HouseMaster\docs\architecture\adr-checklist.md","3,8","26.07.2026 9:09:00"
"Architecture-Principles.md",".md","MARKDOWN","UNCLASSIFIED","OTHER","OUTSIDE A3 PRODUCTION","GENERAL / SOURCE","C:\Abay-Germes\HouseMaster\docs\architecture","C:\Abay-Germes\HouseMaster\docs\architecture\Architecture-Principles.md","6,9","26.07.2026 7:28:50"
"boundary-contract.md",".md","MARKDOWN","UNCLASSIFIED","OTHER","OUTSIDE A3 PRODUCTION","GENERAL / SOURCE","C:\Abay-Germes\HouseMaster\docs\architecture","C:\Abay-Germes\HouseMaster\docs\architecture\boundary-contract.md","7,8","01.08.2026 8:27:02"
"context-architecture-v2.svg",".svg","SVG","UNCLASSIFIED","OTHER","OUTSIDE A3 PRODUCTION","GENERAL / SOURCE","C:\Abay-Germes\HouseMaster\docs\architecture","C:\Abay-Germes\HouseMaster\docs\architecture\context-architecture-v2.svg","8,8","26.07.2026 8:22:48"
"data-classification.md",".md","MARKDOWN","UNCLASSIFIED","OTHER","OUTSIDE A3 PRODUCTION","GENERAL / SOURCE","C:\Abay-Germes\HouseMaster\docs\architecture","C:\Abay-Germes\HouseMaster\docs\architecture\data-classification.md","8,9","26.07.2026 7:30:22"
"documentation-status.md",".md","MARKDOWN","UNCLASSIFIED","OTHER","OUTSIDE A3 PRODUCTION","GENERAL / SOURCE","C:\Abay-Germes\HouseMaster\docs\architecture","C:\Abay-Germes\HouseMaster\docs\architecture\documentation-status.md","0,3","01.08.2026 8:56:54"
"S2-01-closure.md",".md","MARKDOWN","UNCLASSIFIED","OTHER","OUTSIDE A3 PRODUCTION","GENERAL / SOURCE","C:\Abay-Germes\HouseMaster\docs\architecture\incoming","C:\Abay-Germes\HouseMaster\docs\architecture\incoming\S2-01-closure.md","0,8","10.08.2026 13:05:24"
"deployment-checklist.md",".md","MARKDOWN","UNCLASSIFIED","OTHER","OUTSIDE A3 PRODUCTION","GENERAL / SOURCE","C:\Abay-Germes\HouseMaster\docs\gcp","C:\Abay-Germes\HouseMaster\docs\gcp\deployment-checklist.md","7,3","01.08.2026 9:48:02"
"oauth-setup.md",".md","MARKDOWN","UNCLASSIFIED","OTHER","OUTSIDE A3 PRODUCTION","GENERAL / SOURCE","C:\Abay-Germes\HouseMaster\docs\gcp","C:\Abay-Germes\HouseMaster\docs\gcp\oauth-setup.md","3,7","01.08.2026 9:48:02"
"README.md",".md","MARKDOWN","UNCLASSIFIED","OTHER","OUTSIDE A3 PRODUCTION","GENERAL / SOURCE","C:\Abay-Germes\HouseMaster\docs\gcp","C:\Abay-Germes\HouseMaster\docs\gcp\README.md","1,1","01.08.2026 6:54:50"
"secret-readiness-gate.md",".md","MARKDOWN","UNCLASSIFIED","OTHER","OUTSIDE A3 PRODUCTION","GENERAL / SOURCE","C:\Abay-Germes\HouseMaster\docs\gcp","C:\Abay-Germes\HouseMaster\docs\gcp\secret-readiness-gate.md","9,5","10.08.2026 13:07:36"
"services.md",".md","MARKDOWN","UNCLASSIFIED","OTHER","OUTSIDE A3 PRODUCTION","GENERAL / SOURCE","C:\Abay-Germes\HouseMaster\docs\gcp","C:\Abay-Germes\HouseMaster\docs\gcp\services.md","4,5","01.08.2026 8:56:54"
"PROJECT_RUBRICATION.csv",".csv","CSV","UNCLASSIFIED","OTHER","OUTSIDE A3 PRODUCTION","GENERAL / SOURCE","C:\Abay-Germes\HouseMaster\ENGINEERING_CASE","C:\Abay-Germes\HouseMaster\ENGINEERING_CASE\PROJECT_RUBRICATION.csv","0,2","24.08.2026 12:36:35"
"README.md",".md","MARKDOWN","UNCLASSIFIED","OTHER","OUTSIDE A3 PRODUCTION","GENERAL / SOURCE","C:\Abay-Germes\HouseMaster\infrastructure","C:\Abay-Germes\HouseMaster\infrastructure\README.md","1,1","24.07.2026 12:56:51"
".gitignore",".gitignore","GITIGNORE","UNCLASSIFIED","OTHER","OUTSIDE A3 PRODUCTION","GENERAL / SOURCE","C:\Abay-Germes\HouseMaster\infrastructure\terraform","C:\Abay-Germes\HouseMaster\infrastructure\terraform\.gitignore","0,3","27.07.2026 11:04:09"
".terraform.lock.hcl",".hcl","HCL","UNCLASSIFIED","OTHER","OUTSIDE A3 PRODUCTION","GENERAL / SOURCE","C:\Abay-Germes\HouseMaster\infrastructure\terraform","C:\Abay-Germes\HouseMaster\infrastructure\terraform\.terraform.lock.hcl","1,2","26.07.2026 17:26:27"
"LICENSE.txt",".txt","TXT","UNCLASSIFIED","OTHER","OUTSIDE A3 PRODUCTION","GENERAL / SOURCE","C:\Abay-Germes\HouseMaster\infrastructure\terraform\.terraform\providers\registry.terraform.io\hashicorp\google\6.50.0\windows_amd64","C:\Abay-Germes\HouseMaster\infrastructure\terraform\.terraform\providers\registry.terraform.io\hashicorp\google\6.50.0\windows_amd64\LICENSE.txt","16,4","26.07.2026 17:26:24"
"terraform-provider-google_v6.50.0_x5.exe",".exe","EXE","UNCLASSIFIED","OTHER","OUTSIDE A3 PRODUCTION","GENERAL / SOURCE","C:\Abay-Germes\HouseMaster\infrastructure\terraform\.terraform\providers\registry.terraform.io\hashicorp\google\6.50.0\windows_amd64","C:\Abay-Germes\HouseMaster\infrastructure\terraform\.terraform\providers\registry.terraform.io\hashicorp\google\6.50.0\windows_amd64\terraform-provider-google_v6.50.0_x5.exe","122074,5","26.07.2026 17:26:26"
"terraform.tfstate",".tfstate","TFSTATE","UNCLASSIFIED","OTHER","OUTSIDE A3 PRODUCTION","GENERAL / SOURCE","C:\Abay-Germes\HouseMaster\infrastructure\terraform\.terraform","C:\Abay-Germes\HouseMaster\infrastructure\terraform\.terraform\terraform.tfstate","0,5","26.07.2026 17:26:19"
"apis.tf",".tf","TF","UNCLASSIFIED","OTHER","OUTSIDE A3 PRODUCTION","GENERAL / SOURCE","C:\Abay-Germes\HouseMaster\infrastructure\terraform","C:\Abay-Germes\HouseMaster\infrastructure\terraform\apis.tf","1,3","26.07.2026 16:49:29"
"artifact_registry.tf",".tf","TF","UNCLASSIFIED","OTHER","OUTSIDE A3 PRODUCTION","GENERAL / SOURCE","C:\Abay-Germes\HouseMaster\infrastructure\terraform","C:\Abay-Germes\HouseMaster\infrastructure\terraform\artifact_registry.tf","1","24.07.2026 12:56:51"
"backend.tf",".tf","TF","UNCLASSIFIED","OTHER","OUTSIDE A3 PRODUCTION","GENERAL / SOURCE","C:\Abay-Germes\HouseMaster\infrastructure\terraform","C:\Abay-Germes\HouseMaster\infrastructure\terraform\backend.tf","0,5","24.07.2026 12:56:51"
"backend-dev.tfbackend",".tfbackend","TFBACKEND","UNCLASSIFIED","OTHER","OUTSIDE A3 PRODUCTION","GENERAL / SOURCE","C:\Abay-Germes\HouseMaster\infrastructure\terraform","C:\Abay-Germes\HouseMaster\infrastructure\terraform\backend-dev.tfbackend","0,1","26.07.2026 16:57:32"
"backend-dev.tfbackend.example",".example","EXAMPLE","UNCLASSIFIED","OTHER","OUTSIDE A3 PRODUCTION","GENERAL / SOURCE","C:\Abay-Germes\HouseMaster\infrastructure\terraform","C:\Abay-Germes\HouseMaster\infrastructure\terraform\backend-dev.tfbackend.example","0,3","24.07.2026 12:56:51"
"backend-prod.tfbackend.example",".example","EXAMPLE","UNCLASSIFIED","OTHER","OUTSIDE A3 PRODUCTION","GENERAL / SOURCE","C:\Abay-Germes\HouseMaster\infrastructure\terraform","C:\Abay-Germes\HouseMaster\infrastructure\terraform\backend-prod.tfbackend.example","0,2","24.07.2026 12:56:51"
"ci-003ec.plan",".plan","PLAN","UNCLASSIFIED","OTHER","OUTSIDE A3 PRODUCTION","GENERAL / SOURCE","C:\Abay-Germes\HouseMaster\infrastructure\terraform","C:\Abay-Germes\HouseMaster\infrastructure\terraform\ci-003ec.plan","56,9","13.08.2026 10:05:02"
"ci-003ec-final.plan",".plan","PLAN","UNCLASSIFIED","OTHER","OUTSIDE A3 PRODUCTION","GENERAL / SOURCE","C:\Abay-Germes\HouseMaster\infrastructure\terraform","C:\Abay-Germes\HouseMaster\infrastructure\terraform\ci-003ec-final.plan","54","13.08.2026 12:39:50"
"ci-003ec-noiam.plan",".plan","PLAN","UNCLASSIFIED","OTHER","OUTSIDE A3 PRODUCTION","GENERAL / SOURCE","C:\Abay-Germes\HouseMaster\infrastructure\terraform","C:\Abay-Germes\HouseMaster\infrastructure\terraform\ci-003ec-noiam.plan","54,3","13.08.2026 12:34:26"
"ci-003ec-replace.plan",".plan","PLAN","UNCLASSIFIED","OTHER","OUTSIDE A3 PRODUCTION","GENERAL / SOURCE","C:\Abay-Germes\HouseMaster\infrastructure\terraform","C:\Abay-Germes\HouseMaster\infrastructure\terraform\ci-003ec-replace.plan","54,6","13.08.2026 11:57:29"
"ci-003ec-untaint-check.plan",".plan","PLAN","UNCLASSIFIED","OTHER","OUTSIDE A3 PRODUCTION","GENERAL / SOURCE","C:\Abay-Germes\HouseMaster\infrastructure\terraform","C:\Abay-Germes\HouseMaster\infrastructure\terraform\ci-003ec-untaint-check.plan","54,2","13.08.2026 10:17:43"
"cloud_run.tf",".tf","TF","UNCLASSIFIED","OTHER","OUTSIDE A3 PRODUCTION","GENERAL / SOURCE","C:\Abay-Germes\HouseMaster\infrastructure\terraform","C:\Abay-Germes\HouseMaster\infrastructure\terraform\cloud_run.tf","3,8","15.08.2026 15:24:49"
"cloud_sql.tf",".tf","TF","UNCLASSIFIED","OTHER","OUTSIDE A3 PRODUCTION","GENERAL / SOURCE","C:\Abay-Germes\HouseMaster\infrastructure\terraform","C:\Abay-Germes\HouseMaster\infrastructure\terraform\cloud_sql.tf","3,9","01.08.2026 16:49:20"
"dev.tfvars",".tfvars","TFVARS","UNCLASSIFIED","OTHER","OUTSIDE A3 PRODUCTION","GENERAL / SOURCE","C:\Abay-Germes\HouseMaster\infrastructure\terraform","C:\Abay-Germes\HouseMaster\infrastructure\terraform\dev.tfvars","2,1","13.08.2026 12:31:11"
"dev.tfvars.example",".example","EXAMPLE","UNCLASSIFIED","OTHER","OUTSIDE A3 PRODUCTION","GENERAL / SOURCE","C:\Abay-Germes\HouseMaster\infrastructure\terraform","C:\Abay-Germes\HouseMaster\infrastructure\terraform\dev.tfvars.example","2,1","26.07.2026 16:49:29"
"full-plan-post-iam.plan",".plan","PLAN","UNCLASSIFIED","OTHER","OUTSIDE A3 PRODUCTION","GENERAL / SOURCE","C:\Abay-Germes\HouseMaster\infrastructure\terraform","C:\Abay-Germes\HouseMaster\infrastructure\terraform\full-plan-post-iam.plan","54,3","13.08.2026 14:17:51"
"hm-gcp-003f1-cloud-run-post-apply.yaml",".yaml","YAML","UNCLASSIFIED","OTHER","OUTSIDE A3 PRODUCTION","GENERAL / SOURCE","C:\Abay-Germes\HouseMaster\infrastructure\terraform","C:\Abay-Germes\HouseMaster\infrastructure\terraform\hm-gcp-003f1-cloud-run-post-apply.yaml","7,8","15.08.2026 15:51:28"
"hm-gcp-003f1-cloudsql-connector.plan",".plan","PLAN","UNCLASSIFIED","OTHER","OUTSIDE A3 PRODUCTION","GENERAL / SOURCE","C:\Abay-Germes\HouseMaster\infrastructure\terraform","C:\Abay-Germes\HouseMaster\infrastructure\terraform\hm-gcp-003f1-cloudsql-connector.plan","58,2","15.08.2026 15:29:13"
"hm-gcp-003f1-post-apply-full.plan",".plan","PLAN","UNCLASSIFIED","OTHER","OUTSIDE A3 PRODUCTION","GENERAL / SOURCE","C:\Abay-Germes\HouseMaster\infrastructure\terraform","C:\Abay-Germes\HouseMaster\infrastructure\terraform\hm-gcp-003f1-post-apply-full.plan","55,3","15.08.2026 15:55:50"
"hm-gcp-003f1-post-apply-full-plan.txt",".txt","TXT","UNCLASSIFIED","OTHER","OUTSIDE A3 PRODUCTION","GENERAL / SOURCE","C:\Abay-Germes\HouseMaster\infrastructure\terraform","C:\Abay-Germes\HouseMaster\infrastructure\terraform\hm-gcp-003f1-post-apply-full-plan.txt","1,9","15.08.2026 15:56:24"
"iam.tf",".tf","TF","UNCLASSIFIED","OTHER","OUTSIDE A3 PRODUCTION","GENERAL / SOURCE","C:\Abay-Germes\HouseMaster\infrastructure\terraform","C:\Abay-Germes\HouseMaster\infrastructure\terraform\iam.tf","10,9","15.08.2026 15:22:10"
"iam-correction-hmci001.plan",".plan","PLAN","UNCLASSIFIED","OTHER","OUTSIDE A3 PRODUCTION","GENERAL / SOURCE","C:\Abay-Germes\HouseMaster\infrastructure\terraform","C:\Abay-Germes\HouseMaster\infrastructure\terraform\iam-correction-hmci001.plan","45,6","13.08.2026 14:13:05"
"locals.tf",".tf","TF","UNCLASSIFIED","OTHER","OUTSIDE A3 PRODUCTION","GENERAL / SOURCE","C:\Abay-Germes\HouseMaster\infrastructure\terraform","C:\Abay-Germes\HouseMaster\infrastructure\terraform\locals.tf","1,4","24.07.2026 12:56:51"
"logging.tf",".tf","TF","UNCLASSIFIED","OTHER","OUTSIDE A3 PRODUCTION","GENERAL / SOURCE","C:\Abay-Germes\HouseMaster\infrastructure\terraform","C:\Abay-Germes\HouseMaster\infrastructure\terraform\logging.tf","1,3","24.07.2026 12:56:51"
"monitoring.tf",".tf","TF","UNCLASSIFIED","OTHER","OUTSIDE A3 PRODUCTION","GENERAL / SOURCE","C:\Abay-Germes\HouseMaster\infrastructure\terraform","C:\Abay-Germes\HouseMaster\infrastructure\terraform\monitoring.tf","5,8","24.07.2026 12:56:51"
"outputs.tf",".tf","TF","UNCLASSIFIED","OTHER","OUTSIDE A3 PRODUCTION","GENERAL / SOURCE","C:\Abay-Germes\HouseMaster\infrastructure\terraform","C:\Abay-Germes\HouseMaster\infrastructure\terraform\outputs.tf","2,3","27.07.2026 9:36:51"
"post-ci.plan",".plan","PLAN","UNCLASSIFIED","OTHER","OUTSIDE A3 PRODUCTION","GENERAL / SOURCE","C:\Abay-Germes\HouseMaster\infrastructure\terraform","C:\Abay-Germes\HouseMaster\infrastructure\terraform\post-ci.plan","56,8","10.08.2026 15:36:51"
"prod.tfvars.example",".example","EXAMPLE","UNCLASSIFIED","OTHER","OUTSIDE A3 PRODUCTION","GENERAL / SOURCE","C:\Abay-Germes\HouseMaster\infrastructure\terraform","C:\Abay-Germes\HouseMaster\infrastructure\terraform\prod.tfvars.example","1,7","26.07.2026 16:49:29"
"providers.tf",".tf","TF","UNCLASSIFIED","OTHER","OUTSIDE A3 PRODUCTION","GENERAL / SOURCE","C:\Abay-Germes\HouseMaster\infrastructure\terraform","C:\Abay-Germes\HouseMaster\infrastructure\terraform\providers.tf","0,2","24.07.2026 12:56:51"
"pubsub.tf",".tf","TF","UNCLASSIFIED","OTHER","OUTSIDE A3 PRODUCTION","GENERAL / SOURCE","C:\Abay-Germes\HouseMaster\infrastructure\terraform","C:\Abay-Germes\HouseMaster\infrastructure\terraform\pubsub.tf","2,4","24.07.2026 12:56:51"
"README.md",".md","MARKDOWN","UNCLASSIFIED","OTHER","OUTSIDE A3 PRODUCTION","GENERAL / SOURCE","C:\Abay-Germes\HouseMaster\infrastructure\terraform","C:\Abay-Germes\HouseMaster\infrastructure\terraform\README.md","8","24.07.2026 12:56:51"
"registry-read-fix.plan",".plan","PLAN","UNCLASSIFIED","OTHER","OUTSIDE A3 PRODUCTION","GENERAL / SOURCE","C:\Abay-Germes\HouseMaster\infrastructure\terraform","C:\Abay-Germes\HouseMaster\infrastructure\terraform\registry-read-fix.plan","46,1","13.08.2026 17:13:45"
"run-plan.ps1",".ps1","PS1","UNCLASSIFIED","OTHER","OUTSIDE A3 PRODUCTION","GENERAL / SOURCE","C:\Abay-Germes\HouseMaster\infrastructure\terraform","C:\Abay-Germes\HouseMaster\infrastructure\terraform\run-plan.ps1","0","27.07.2026 10:10:23"
"secret_manager.tf",".tf","TF","UNCLASSIFIED","OTHER","OUTSIDE A3 PRODUCTION","GENERAL / SOURCE","C:\Abay-Germes\HouseMaster\infrastructure\terraform","C:\Abay-Germes\HouseMaster\infrastructure\terraform\secret_manager.tf","1,2","24.07.2026 12:56:51"
"service_accounts.tf",".tf","TF","UNCLASSIFIED","OTHER","OUTSIDE A3 PRODUCTION","GENERAL / SOURCE","C:\Abay-Germes\HouseMaster\infrastructure\terraform","C:\Abay-Germes\HouseMaster\infrastructure\terraform\service_accounts.tf","2,2","24.07.2026 12:56:51"
"sprint3-readonly.plan",".plan","PLAN","UNCLASSIFIED","OTHER","OUTSIDE A3 PRODUCTION","GENERAL / SOURCE","C:\Abay-Germes\HouseMaster\infrastructure\terraform","C:\Abay-Germes\HouseMaster\infrastructure\terraform\sprint3-readonly.plan","57,5","15.08.2026 14:48:14"
"sprint3-readonly-plan.txt",".txt","TXT","UNCLASSIFIED","OTHER","OUTSIDE A3 PRODUCTION","GENERAL / SOURCE","C:\Abay-Germes\HouseMaster\infrastructure\terraform","C:\Abay-Germes\HouseMaster\infrastructure\terraform\sprint3-readonly-plan.txt","1,9","15.08.2026 14:49:31"
"storage.tf",".tf","TF","UNCLASSIFIED","OTHER","OUTSIDE A3 PRODUCTION","GENERAL / SOURCE","C:\Abay-Germes\HouseMaster\infrastructure\terraform","C:\Abay-Germes\HouseMaster\infrastructure\terraform\storage.tf","1,4","24.07.2026 12:56:51"
"tfplan","","","UNCLASSIFIED","OTHER","OUTSIDE A3 PRODUCTION","GENERAL / SOURCE","C:\Abay-Germes\HouseMaster\infrastructure\terraform","C:\Abay-Germes\HouseMaster\infrastructure\terraform\tfplan","38,2","27.07.2026 10:27:57"
"variables.tf",".tf","TF","UNCLASSIFIED","OTHER","OUTSIDE A3 PRODUCTION","GENERAL / SOURCE","C:\Abay-Germes\HouseMaster\infrastructure\terraform","C:\Abay-Germes\HouseMaster\infrastructure\terraform\variables.tf","6,4","26.07.2026 18:51:46"
"versions.tf",".tf","TF","UNCLASSIFIED","OTHER","OUTSIDE A3 PRODUCTION","GENERAL / SOURCE","C:\Abay-Germes\HouseMaster\infrastructure\terraform","C:\Abay-Germes\HouseMaster\infrastructure\terraform\versions.tf","0,3","24.07.2026 12:56:51"
"vertex_ai.tf",".tf","TF","UNCLASSIFIED","OTHER","OUTSIDE A3 PRODUCTION","GENERAL / SOURCE","C:\Abay-Germes\HouseMaster\infrastructure\terraform","C:\Abay-Germes\HouseMaster\infrastructure\terraform\vertex_ai.tf","3,1","24.07.2026 12:56:51"
"HOUSEMASTER_GCP_GATE_AGENT_OPERATING_MODEL.md",".md","MARKDOWN","UNCLASSIFIED","OTHER","OUTSIDE A3 PRODUCTION","GENERAL / SOURCE","C:\Abay-Germes\HouseMaster\ops\agents","C:\Abay-Germes\HouseMaster\ops\agents\HOUSEMASTER_GCP_GATE_AGENT_OPERATING_MODEL.md","6,5","16.08.2026 18:17:03"
"HM_MCP_V0_1_CLOSURE_REPORT.md",".md","MARKDOWN","UNCLASSIFIED","OTHER","OUTSIDE A3 PRODUCTION","QA / REVIEW","C:\Abay-Germes\HouseMaster\ops\mcp","C:\Abay-Germes\HouseMaster\ops\mcp\HM_MCP_V0_1_CLOSURE_REPORT.md","6,8","19.08.2026 15:16:06"
"HOUSEMASTER_GCP_GATE_MCP_CONCEPT.md",".md","MARKDOWN","UNCLASSIFIED","OTHER","OUTSIDE A3 PRODUCTION","GENERAL / SOURCE","C:\Abay-Germes\HouseMaster\ops\mcp","C:\Abay-Germes\HouseMaster\ops\mcp\HOUSEMASTER_GCP_GATE_MCP_CONCEPT.md","9,4","18.08.2026 18:32:31"
"callRepoStatus.js",".js","JS","UNCLASSIFIED","OTHER","OUTSIDE A3 PRODUCTION","GENERAL / SOURCE","C:\Abay-Germes\HouseMaster\ops\mcp\housemaster-gcp-gate-mcp\dist\dev","C:\Abay-Germes\HouseMaster\ops\mcp\housemaster-gcp-gate-mcp\dist\dev\callRepoStatus.js","3,4","19.08.2026 15:02:40"
"secretPatterns.js",".js","JS","UNCLASSIFIED","OTHER","OUTSIDE A3 PRODUCTION","GENERAL / SOURCE","C:\Abay-Germes\HouseMaster\ops\mcp\housemaster-gcp-gate-mcp\dist\lib","C:\Abay-Germes\HouseMaster\ops\mcp\housemaster-gcp-gate-mcp\dist\lib\secretPatterns.js","1,1","19.08.2026 15:02:40"
"server.js",".js","JS","UNCLASSIFIED","OTHER","OUTSIDE A3 PRODUCTION","GENERAL / SOURCE","C:\Abay-Germes\HouseMaster\ops\mcp\housemaster-gcp-gate-mcp\dist","C:\Abay-Germes\HouseMaster\ops\mcp\housemaster-gcp-gate-mcp\dist\server.js","4,7","19.08.2026 15:02:40"
"diffSummary.js",".js","JS","UNCLASSIFIED","OTHER","OUTSIDE A3 PRODUCTION","GENERAL / SOURCE","C:\Abay-Germes\HouseMaster\ops\mcp\housemaster-gcp-gate-mcp\dist\tools","C:\Abay-Germes\HouseMaster\ops\mcp\housemaster-gcp-gate-mcp\dist\tools\diffSummary.js","3,3","19.08.2026 15:02:40"
"gateStatus.js",".js","JS","UNCLASSIFIED","OTHER","OUTSIDE A3 PRODUCTION","GENERAL / SOURCE","C:\Abay-Germes\HouseMaster\ops\mcp\housemaster-gcp-gate-mcp\dist\tools","C:\Abay-Germes\HouseMaster\ops\mcp\housemaster-gcp-gate-mcp\dist\tools\gateStatus.js","3,6","19.08.2026 15:02:40"
"handoffReport.js",".js","JS","UNCLASSIFIED","OTHER","OUTSIDE A3 PRODUCTION","QA / REVIEW","C:\Abay-Germes\HouseMaster\ops\mcp\housemaster-gcp-gate-mcp\dist\tools","C:\Abay-Germes\HouseMaster\ops\mcp\housemaster-gcp-gate-mcp\dist\tools\handoffReport.js","3,2","19.08.2026 15:02:40"
"repoStatus.js",".js","JS","UNCLASSIFIED","OTHER","OUTSIDE A3 PRODUCTION","GENERAL / SOURCE","C:\Abay-Germes\HouseMaster\ops\mcp\housemaster-gcp-gate-mcp\dist\tools","C:\Abay-Germes\HouseMaster\ops\mcp\housemaster-gcp-gate-mcp\dist\tools\repoStatus.js","2,9","19.08.2026 15:02:40"
"package.json",".json","JSON","UNCLASSIFIED","OTHER","OUTSIDE A3 PRODUCTION","GENERAL / SOURCE","C:\Abay-Germes\HouseMaster\ops\mcp\housemaster-gcp-gate-mcp","C:\Abay-Germes\HouseMaster\ops\mcp\housemaster-gcp-gate-mcp\package.json","0,6","19.08.2026 12:57:46"
"pnpm-lock.yaml",".yaml","YAML","UNCLASSIFIED","OTHER","OUTSIDE A3 PRODUCTION","GENERAL / SOURCE","C:\Abay-Germes\HouseMaster\ops\mcp\housemaster-gcp-gate-mcp","C:\Abay-Germes\HouseMaster\ops\mcp\housemaster-gcp-gate-mcp\pnpm-lock.yaml","32,4","19.08.2026 12:35:41"
"pnpm-workspace.yaml",".yaml","YAML","UNCLASSIFIED","OTHER","OUTSIDE A3 PRODUCTION","GENERAL / SOURCE","C:\Abay-Germes\HouseMaster\ops\mcp\housemaster-gcp-gate-mcp","C:\Abay-Germes\HouseMaster\ops\mcp\housemaster-gcp-gate-mcp\pnpm-workspace.yaml","0","19.08.2026 12:41:14"
"README.md",".md","MARKDOWN","UNCLASSIFIED","OTHER","OUTSIDE A3 PRODUCTION","GENERAL / SOURCE","C:\Abay-Germes\HouseMaster\ops\mcp\housemaster-gcp-gate-mcp","C:\Abay-Germes\HouseMaster\ops\mcp\housemaster-gcp-gate-mcp\README.md","2,7","19.08.2026 12:11:15"
"callRepoStatus.ts",".ts","TS","UNCLASSIFIED","OTHER","OUTSIDE A3 PRODUCTION","GENERAL / SOURCE","C:\Abay-Germes\HouseMaster\ops\mcp\housemaster-gcp-gate-mcp\src\dev","C:\Abay-Germes\HouseMaster\ops\mcp\housemaster-gcp-gate-mcp\src\dev\callRepoStatus.ts","3,3","19.08.2026 14:55:54"
"secretPatterns.ts",".ts","TS","UNCLASSIFIED","OTHER","OUTSIDE A3 PRODUCTION","GENERAL / SOURCE","C:\Abay-Germes\HouseMaster\ops\mcp\housemaster-gcp-gate-mcp\src\lib","C:\Abay-Germes\HouseMaster\ops\mcp\housemaster-gcp-gate-mcp\src\lib\secretPatterns.ts","1,1","19.08.2026 14:13:16"
"server.ts",".ts","TS","UNCLASSIFIED","OTHER","OUTSIDE A3 PRODUCTION","GENERAL / SOURCE","C:\Abay-Germes\HouseMaster\ops\mcp\housemaster-gcp-gate-mcp\src","C:\Abay-Germes\HouseMaster\ops\mcp\housemaster-gcp-gate-mcp\src\server.ts","4,8","19.08.2026 14:55:42"
"diffSummary.ts",".ts","TS","UNCLASSIFIED","OTHER","OUTSIDE A3 PRODUCTION","GENERAL / SOURCE","C:\Abay-Germes\HouseMaster\ops\mcp\housemaster-gcp-gate-mcp\src\tools","C:\Abay-Germes\HouseMaster\ops\mcp\housemaster-gcp-gate-mcp\src\tools\diffSummary.ts","3,7","19.08.2026 14:13:39"
"gateStatus.ts",".ts","TS","UNCLASSIFIED","OTHER","OUTSIDE A3 PRODUCTION","GENERAL / SOURCE","C:\Abay-Germes\HouseMaster\ops\mcp\housemaster-gcp-gate-mcp\src\tools","C:\Abay-Germes\HouseMaster\ops\mcp\housemaster-gcp-gate-mcp\src\tools\gateStatus.ts","4","19.08.2026 14:01:39"
"handoffReport.ts",".ts","TS","UNCLASSIFIED","OTHER","OUTSIDE A3 PRODUCTION","QA / REVIEW","C:\Abay-Germes\HouseMaster\ops\mcp\housemaster-gcp-gate-mcp\src\tools","C:\Abay-Germes\HouseMaster\ops\mcp\housemaster-gcp-gate-mcp\src\tools\handoffReport.ts","3,5","19.08.2026 15:02:31"
"repoStatus.ts",".ts","TS","UNCLASSIFIED","OTHER","OUTSIDE A3 PRODUCTION","GENERAL / SOURCE","C:\Abay-Germes\HouseMaster\ops\mcp\housemaster-gcp-gate-mcp\src\tools","C:\Abay-Germes\HouseMaster\ops\mcp\housemaster-gcp-gate-mcp\src\tools\repoStatus.ts","3","19.08.2026 14:13:25"
"tsconfig.json",".json","JSON","UNCLASSIFIED","OTHER","OUTSIDE A3 PRODUCTION","GENERAL / SOURCE","C:\Abay-Germes\HouseMaster\ops\mcp\housemaster-gcp-gate-mcp","C:\Abay-Germes\HouseMaster\ops\mcp\housemaster-gcp-gate-mcp\tsconfig.json","0,3","19.08.2026 12:11:18"
"package.json",".json","JSON","UNCLASSIFIED","OTHER","OUTSIDE A3 PRODUCTION","GENERAL / SOURCE","C:\Abay-Germes\HouseMaster","C:\Abay-Germes\HouseMaster\package.json","0,4","16.08.2026 13:53:22"
"pnpm-lock.yaml",".yaml","YAML","UNCLASSIFIED","OTHER","OUTSIDE A3 PRODUCTION","GENERAL / SOURCE","C:\Abay-Germes\HouseMaster","C:\Abay-Germes\HouseMaster\pnpm-lock.yaml","177,8","16.08.2026 13:44:55"
"pnpm-workspace.yaml",".yaml","YAML","UNCLASSIFIED","OTHER","OUTSIDE A3 PRODUCTION","GENERAL / SOURCE","C:\Abay-Germes\HouseMaster","C:\Abay-Germes\HouseMaster\pnpm-workspace.yaml","0,2","25.07.2026 14:44:30"
"prisma.config.ts",".ts","TS","UNCLASSIFIED","OTHER","OUTSIDE A3 PRODUCTION","GENERAL / SOURCE","C:\Abay-Germes\HouseMaster","C:\Abay-Germes\HouseMaster\prisma.config.ts","0,3","16.08.2026 13:52:08"
"migration.sql",".sql","SQL","UNCLASSIFIED","OTHER","OUTSIDE A3 PRODUCTION","GENERAL / SOURCE","C:\Abay-Germes\HouseMaster\prisma\migrations\20260725072311_init_housemaster","C:\Abay-Germes\HouseMaster\prisma\migrations\20260725072311_init_housemaster\migration.sql","9,1","25.07.2026 14:44:30"
"migration.sql",".sql","SQL","UNCLASSIFIED","OTHER","OUTSIDE A3 PRODUCTION","GENERAL / SOURCE","C:\Abay-Germes\HouseMaster\prisma\migrations\20260725080000_harden_production_schema","C:\Abay-Germes\HouseMaster\prisma\migrations\20260725080000_harden_production_schema\migration.sql","7,2","25.07.2026 14:44:30"
"migration_lock.toml",".toml","TOML","UNCLASSIFIED","OTHER","OUTSIDE A3 PRODUCTION","GENERAL / SOURCE","C:\Abay-Germes\HouseMaster\prisma\migrations","C:\Abay-Germes\HouseMaster\prisma\migrations\migration_lock.toml","0,1","25.07.2026 14:44:30"
"schema.prisma",".prisma","PRISMA","UNCLASSIFIED","OTHER","OUTSIDE A3 PRODUCTION","GENERAL / SOURCE","C:\Abay-Germes\HouseMaster\prisma","C:\Abay-Germes\HouseMaster\prisma\schema.prisma","9,1","15.08.2026 17:01:00"
"README.md",".md","MARKDOWN","UNCLASSIFIED","OTHER","OUTSIDE A3 PRODUCTION","GENERAL / SOURCE","C:\Abay-Germes\HouseMaster","C:\Abay-Germes\HouseMaster\README.md","1,8","24.07.2026 12:56:51"
"secret-readiness-gate.ps1",".ps1","PS1","UNCLASSIFIED","OTHER","OUTSIDE A3 PRODUCTION","GENERAL / SOURCE","C:\Abay-Germes\HouseMaster\scripts\gcp","C:\Abay-Germes\HouseMaster\scripts\gcp\secret-readiness-gate.ps1","1,7","10.08.2026 11:33:33"
"sprint3-cloud-run-service.yaml",".yaml","YAML","UNCLASSIFIED","OTHER","OUTSIDE A3 PRODUCTION","GENERAL / SOURCE","C:\Abay-Germes\HouseMaster","C:\Abay-Germes\HouseMaster\sprint3-cloud-run-service.yaml","7,9","15.08.2026 14:37:20"
"sprint3-cloudsql-instance.yaml",".yaml","YAML","UNCLASSIFIED","OTHER","OUTSIDE A3 PRODUCTION","GENERAL / SOURCE","C:\Abay-Germes\HouseMaster","C:\Abay-Germes\HouseMaster\sprint3-cloudsql-instance.yaml","8,7","15.08.2026 15:01:17"
"HOUSEMASTER_SPRINT_ROADMAP.md",".md","MARKDOWN","UNCLASSIFIED","OTHER","OUTSIDE A3 PRODUCTION","GENERAL / SOURCE","C:\Abay-Germes\HouseMaster\sprints\00_ROADMAP","C:\Abay-Germes\HouseMaster\sprints\00_ROADMAP\HOUSEMASTER_SPRINT_ROADMAP.md","11,6","16.08.2026 15:51:29"
"HM-GCP-004A_DATABASE_URL_SOCKET_FORMAT_DECISION.md",".md","MARKDOWN","UNCLASSIFIED","OTHER","OUTSIDE A3 PRODUCTION","GENERAL / SOURCE","C:\Abay-Germes\HouseMaster\sprints\01_ACTIVE","C:\Abay-Germes\HouseMaster\sprints\01_ACTIVE\HM-GCP-004A_DATABASE_URL_SOCKET_FORMAT_DECISION.md","2,7","16.08.2026 16:32:39"
"HM-GCP-004B_SECRET_MANAGER_UPDATE_RUNBOOK.md",".md","MARKDOWN","UNCLASSIFIED","OTHER","OUTSIDE A3 PRODUCTION","GENERAL / SOURCE","C:\Abay-Germes\HouseMaster\sprints\01_ACTIVE","C:\Abay-Germes\HouseMaster\sprints\01_ACTIVE\HM-GCP-004B_SECRET_MANAGER_UPDATE_RUNBOOK.md","3,1","16.08.2026 16:48:04"
"HM-GCP-004C_CLOUD_RUN_REVISION_REFRESH_PLAN.md",".md","MARKDOWN","UNCLASSIFIED","OTHER","OUTSIDE A3 PRODUCTION","GENERAL / SOURCE","C:\Abay-Germes\HouseMaster\sprints\01_ACTIVE","C:\Abay-Germes\HouseMaster\sprints\01_ACTIVE\HM-GCP-004C_CLOUD_RUN_REVISION_REFRESH_PLAN.md","3,7","16.08.2026 17:01:32"
"HM-GCP-004D_LIVE_CONNECTIVITY_TEST_PLAN.md",".md","MARKDOWN","UNCLASSIFIED","OTHER","OUTSIDE A3 PRODUCTION","GENERAL / SOURCE","C:\Abay-Germes\HouseMaster\sprints\01_ACTIVE","C:\Abay-Germes\HouseMaster\sprints\01_ACTIVE\HM-GCP-004D_LIVE_CONNECTIVITY_TEST_PLAN.md","4,1","16.08.2026 17:10:55"
"HM-GCP-004E_CONTROLLED_PRISMA_MIGRATE_DEPLOY_RUNBOOK.md",".md","MARKDOWN","UNCLASSIFIED","OTHER","OUTSIDE A3 PRODUCTION","GENERAL / SOURCE","C:\Abay-Germes\HouseMaster\sprints\01_ACTIVE","C:\Abay-Germes\HouseMaster\sprints\01_ACTIVE\HM-GCP-004E_CONTROLLED_PRISMA_MIGRATE_DEPLOY_RUNBOOK.md","4,1","16.08.2026 17:26:57"
"HM-GCP-004F_CLOUD_RUN_TERRAFORM_DRIFT_INVESTIGATION.md",".md","MARKDOWN","UNCLASSIFIED","OTHER","OUTSIDE A3 PRODUCTION","GENERAL / SOURCE","C:\Abay-Germes\HouseMaster\sprints\01_ACTIVE","C:\Abay-Germes\HouseMaster\sprints\01_ACTIVE\HM-GCP-004F_CLOUD_RUN_TERRAFORM_DRIFT_INVESTIGATION.md","9,3","17.08.2026 12:08:52"
"HM-GCP-004F-1_FIX_OPTION_DECISION_NOTE.md",".md","MARKDOWN","UNCLASSIFIED","OTHER","OUTSIDE A3 PRODUCTION","GENERAL / SOURCE","C:\Abay-Germes\HouseMaster\sprints\01_ACTIVE","C:\Abay-Germes\HouseMaster\sprints\01_ACTIVE\HM-GCP-004F-1_FIX_OPTION_DECISION_NOTE.md","6,4","17.08.2026 12:29:15"
"HM-GCP-004X-1A_SECRET_MANAGER_UPDATE_PRE_EXECUTION_CHECKLIST.md",".md","MARKDOWN","UNCLASSIFIED","OTHER","OUTSIDE A3 PRODUCTION","GENERAL / SOURCE","C:\Abay-Germes\HouseMaster\sprints\01_ACTIVE","C:\Abay-Germes\HouseMaster\sprints\01_ACTIVE\HM-GCP-004X-1A_SECRET_MANAGER_UPDATE_PRE_EXECUTION_CHECKLIST.md","2,9","16.08.2026 18:02:08"
"HM-GCP-004X-3A_LIVE_CONNECTIVITY_PRE_EXECUTION_CHECKLIST.md",".md","MARKDOWN","UNCLASSIFIED","OTHER","OUTSIDE A3 PRODUCTION","GENERAL / SOURCE","C:\Abay-Germes\HouseMaster\sprints\01_ACTIVE","C:\Abay-Germes\HouseMaster\sprints\01_ACTIVE\HM-GCP-004X-3A_LIVE_CONNECTIVITY_PRE_EXECUTION_CHECKLIST.md","4,7","17.08.2026 12:51:24"
"HM-GCP-004X-3B_APP_LEVEL_DB_HEALTH_CHECK_GATE.md",".md","MARKDOWN","UNCLASSIFIED","OTHER","OUTSIDE A3 PRODUCTION","GENERAL / SOURCE","C:\Abay-Germes\HouseMaster\sprints\01_ACTIVE","C:\Abay-Germes\HouseMaster\sprints\01_ACTIVE\HM-GCP-004X-3B_APP_LEVEL_DB_HEALTH_CHECK_GATE.md","10,8","19.08.2026 11:47:02"
"HM-CI-001_DEPLOY_IDENTITY_CORRECTION.md",".md","MARKDOWN","UNCLASSIFIED","OTHER","OUTSIDE A3 PRODUCTION","GENERAL / SOURCE","C:\Abay-Germes\HouseMaster\sprints\02_COMPLETED","C:\Abay-Germes\HouseMaster\sprints\02_COMPLETED\HM-CI-001_DEPLOY_IDENTITY_CORRECTION.md","7,6","13.08.2026 17:39:30"
"HM-GCP-003E.2-B_SECRET_READINESS_GATE.md",".md","MARKDOWN","UNCLASSIFIED","OTHER","OUTSIDE A3 PRODUCTION","GENERAL / SOURCE","C:\Abay-Germes\HouseMaster\sprints\02_COMPLETED","C:\Abay-Germes\HouseMaster\sprints\02_COMPLETED\HM-GCP-003E.2-B_SECRET_READINESS_GATE.md","3,4","16.08.2026 10:29:00"
"HM-GCP-003E.2-C_RESOLVE_TAINTED_CLOUD_RUN.md",".md","MARKDOWN","UNCLASSIFIED","OTHER","OUTSIDE A3 PRODUCTION","GENERAL / SOURCE","C:\Abay-Germes\HouseMaster\sprints\02_COMPLETED","C:\Abay-Germes\HouseMaster\sprints\02_COMPLETED\HM-GCP-003E.2-C_RESOLVE_TAINTED_CLOUD_RUN.md","5","13.08.2026 12:51:56"
"HM-GCP-003F.1_CLOUD_SQL_CONNECTOR_READINESS.md",".md","MARKDOWN","UNCLASSIFIED","OTHER","OUTSIDE A3 PRODUCTION","GENERAL / SOURCE","C:\Abay-Germes\HouseMaster\sprints\02_COMPLETED","C:\Abay-Germes\HouseMaster\sprints\02_COMPLETED\HM-GCP-003F.1_CLOUD_SQL_CONNECTOR_READINESS.md","1,7","16.08.2026 10:29:17"
"HM-GCP-003F.3B_ADR_0006_PRISMA7_CONFIG_MODEL.md",".md","MARKDOWN","UNCLASSIFIED","OTHER","OUTSIDE A3 PRODUCTION","GENERAL / SOURCE","C:\Abay-Germes\HouseMaster\sprints\02_COMPLETED","C:\Abay-Germes\HouseMaster\sprints\02_COMPLETED\HM-GCP-003F.3B_ADR_0006_PRISMA7_CONFIG_MODEL.md","2,9","16.08.2026 10:29:29"
"HM-GCP-003F.3D_CLOSE_RUNTIME_READINESS.md",".md","MARKDOWN","UNCLASSIFIED","OTHER","OUTSIDE A3 PRODUCTION","GENERAL / SOURCE","C:\Abay-Germes\HouseMaster\sprints\02_COMPLETED","C:\Abay-Germes\HouseMaster\sprints\02_COMPLETED\HM-GCP-003F.3D_CLOSE_RUNTIME_READINESS.md","1,5","16.08.2026 15:45:24"
"README.md",".md","MARKDOWN","UNCLASSIFIED","OTHER","OUTSIDE A3 PRODUCTION","GENERAL / SOURCE","C:\Abay-Germes\HouseMaster\sprints","C:\Abay-Germes\HouseMaster\sprints\README.md","1,2","16.08.2026 10:28:23"
"turbo.json",".json","JSON","UNCLASSIFIED","OTHER","OUTSIDE A3 PRODUCTION","GENERAL / SOURCE","C:\Abay-Germes\HouseMaster","C:\Abay-Germes\HouseMaster\turbo.json","0,3","24.07.2026 12:56:51"
